"site_id","Student ID","last_name","first_name","teacher_full_name","GradeBook","score_last_updated","Percentage","Mark","grading_period"
400163,50482227,"Wilson","Samarion","Kathryn Warbel","2021_KBCP_5_DL_ELA",2020-10-30,84,"B","2020-08-24 - 2020-10-30"
400163,50337472,"West","Kaitlyn","Kathryn Warbel","2021_KBCP_5_DL_ELA",2020-10-30,100,"A+","2020-08-24 - 2020-10-30"
400163,50350476,"Daniels","Za'najah","Kathryn Warbel","2021_KBCP_5_DL_ELA",2020-10-30,77,"C+","2020-08-24 - 2020-10-30"
400163,50351975,"Griffin","Imani","Kathryn Warbel","2021_KBCP_5_DL_ELA",2020-10-30,78,"C+","2020-08-24 - 2020-10-30"
400163,50361855,"Lewis","Shawntise","Kathryn Warbel","2021_KBCP_5_DL_ELA",2020-10-30,80,"B-","2020-08-24 - 2020-10-30"
400163,50476468,"McIntosh-Robinson","Caleb","Kathryn Warbel","2021_KBCP_5_DL_ELA",2020-10-30,85,"B","2020-08-24 - 2020-10-30"
400163,50554646,"Alexander","Jhmeriq","Kathryn Warbel","2021_KBCP_5_DL_ELA",2020-10-30,70,"C-","2020-08-24 - 2020-10-30"
400163,50266406,"Leak","Kaleb","Kathryn Warbel","2021_KBCP_5_DL_ELA",2020-10-30,86,"B","2020-08-24 - 2020-10-30"
400163,50325433,"Robinson","Maya","Kathryn Warbel","2021_KBCP_5_DL_ELA",2020-10-30,77,"C+","2020-08-24 - 2020-10-30"
400163,50315927,"Jenkins","Darrle","Kathryn Warbel","2021_KBCP_5_DL_ELA",2020-10-30,92,"A-","2020-08-24 - 2020-10-30"
400163,50403808,"Cannon","Taliyah","Kathryn Warbel","2021_KBCP_5_DL_ELA",2020-10-30,91,"A-","2020-08-24 - 2020-10-30"
400163,50551554,"Manzo","Nathan","Kathryn Warbel","2021_KBCP_5_DL_ELA",2020-10-30,89,"B+","2020-08-24 - 2020-10-30"
400163,50482227,"Wilson","Samarion","Kathryn Warbel","2021_KBCP_5_DL_Math",2020-10-30,85,"B","2020-08-24 - 2020-10-30"
400163,50350476,"Daniels","Za'najah","Kathryn Warbel","2021_KBCP_5_DL_Math",2020-10-30,81,"B-","2020-08-24 - 2020-10-30"
400163,50361855,"Lewis","Shawntise","Kathryn Warbel","2021_KBCP_5_DL_Math",2020-10-30,81,"B-","2020-08-24 - 2020-10-30"
400163,50476468,"McIntosh-Robinson","Caleb","Kathryn Warbel","2021_KBCP_5_DL_Math",2020-10-30,76,"C","2020-08-24 - 2020-10-30"
400163,50554646,"Alexander","Jhmeriq","Kathryn Warbel","2021_KBCP_5_DL_Math",2020-10-30,69,"D+","2020-08-24 - 2020-10-30"
400163,50266406,"Leak","Kaleb","Kathryn Warbel","2021_KBCP_5_DL_Math",2020-10-30,82,"B-","2020-08-24 - 2020-10-30"
400163,50325433,"Robinson","Maya","Kathryn Warbel","2021_KBCP_5_DL_Math",2020-10-30,80,"B-","2020-08-24 - 2020-10-30"
400163,50315927,"Jenkins","Darrle","Kathryn Warbel","2021_KBCP_5_DL_Math",2020-10-30,81,"B-","2020-08-24 - 2020-10-30"
400163,50403808,"Cannon","Taliyah","Kathryn Warbel","2021_KBCP_5_DL_Math",2020-10-30,81,"B-","2020-08-24 - 2020-10-30"
400163,50551554,"Manzo","Nathan","Kathryn Warbel","2021_KBCP_5_DL_Math",2020-10-30,87,"B+","2020-08-24 - 2020-10-30"
400163,50248469,"Mayes","Deven","Asia Booth","2021_KBCP_6_DL_ELA",2020-10-30,74,"C","2020-08-24 - 2020-10-30"
400163,50356523,"Thomas","Demetrius","Asia Booth","2021_KBCP_6_DL_ELA",2020-10-30,84,"B","2020-08-24 - 2020-10-30"
400163,50221423,"Edwards","Emil","Asia Booth","2021_KBCP_6_DL_ELA",2020-10-30,76,"C","2020-08-24 - 2020-10-30"
400163,50308491,"Goodwin Jr","Ivan","Asia Booth","2021_KBCP_6_DL_ELA",2020-10-30,73,"C","2020-08-24 - 2020-10-30"
400163,50337109,"Martin","Lamya","Asia Booth","2021_KBCP_6_DL_ELA",2020-10-30,88,"B+","2020-08-24 - 2020-10-30"
400163,50514620,"Brooks","Jake","Asia Booth","2021_KBCP_6_DL_ELA",2020-10-30,96,"A","2020-08-24 - 2020-10-30"
400163,60032812,"Jackson","Charisma","Asia Booth","2021_KBCP_6_DL_ELA",2020-10-30,82,"B-","2020-08-24 - 2020-10-30"
400163,50403163,"Johnson","Tamia","Asia Booth","2021_KBCP_6_DL_ELA",2020-10-30,76,"C","2020-08-24 - 2020-10-30"
400163,50354021,"Burks","Jaylen","Asia Booth","2021_KBCP_6_DL_ELA",2020-10-30,87,"B+","2020-08-24 - 2020-10-30"
400163,50354010,"Boddie","Davionna","Asia Booth","2021_KBCP_6_DL_ELA",2020-10-30,83,"B","2020-08-24 - 2020-10-30"
400163,50352708,"Hilliard","Jakee","Asia Booth","2021_KBCP_6_DL_ELA",2020-10-30,77,"C+","2020-08-24 - 2020-10-30"
400163,50248469,"Mayes","Deven","Asia Booth","2021_KBCP_6_DL_Math",2020-10-30,87,"B+","2020-08-24 - 2020-10-30"
400163,50356523,"Thomas","Demetrius","Asia Booth","2021_KBCP_6_DL_Math",2020-10-30,93,"A-","2020-08-24 - 2020-10-30"
400163,50221423,"Edwards","Emil","Asia Booth","2021_KBCP_6_DL_Math",2020-10-30,82,"B-","2020-08-24 - 2020-10-30"
400163,50308491,"Goodwin Jr","Ivan","Asia Booth","2021_KBCP_6_DL_Math",2020-10-30,80,"B-","2020-08-24 - 2020-10-30"
400163,50337109,"Martin","Lamya","Asia Booth","2021_KBCP_6_DL_Math",2020-10-30,98,"A+","2020-08-24 - 2020-10-30"
400163,50514620,"Brooks","Jake","Asia Booth","2021_KBCP_6_DL_Math",2020-10-30,94,"A","2020-08-24 - 2020-10-30"
400163,50616931,"Stovall","Azaria","Asia Booth","2021_KBCP_6_DL_Math",2020-10-30,96,"A","2020-08-24 - 2020-10-30"
400163,50616952,"Wilson","Zavion","Asia Booth","2021_KBCP_6_DL_Math",2020-10-30,96,"A","2020-08-24 - 2020-10-30"
400163,60032812,"Jackson","Charisma","Asia Booth","2021_KBCP_6_DL_Math",2020-10-30,91,"A-","2020-08-24 - 2020-10-30"
400163,50403163,"Johnson","Tamia","Asia Booth","2021_KBCP_6_DL_Math",2020-10-30,93,"A-","2020-08-24 - 2020-10-30"
400163,50248469,"Mayes","Deven","Zoe Workstel","2021_KBCP_6_DU_Science",2020-10-30,73,"B","2020-08-24 - 2020-10-30"
400163,50356523,"Thomas","Demetrius","Zoe Workstel","2021_KBCP_6_DU_Science",2020-10-30,72,"C","2020-08-24 - 2020-10-30"
400163,50398764,"Canada","Amari","Zoe Workstel","2021_KBCP_6_DU_Science",2020-10-30,95,"A","2020-08-24 - 2020-10-30"
400163,50617812,"Crawford","Ryan","Zoe Workstel","2021_KBCP_6_DU_Science",2020-10-30,74,"C","2020-08-24 - 2020-10-30"
400163,50221423,"Edwards","Emil","Zoe Workstel","2021_KBCP_6_DU_Science",2020-10-30,60,"C-","2020-08-24 - 2020-10-30"
400163,50278660,"Savage","Ken'sean","Zoe Workstel","2021_KBCP_6_DU_Science",2020-10-30,86,"B","2020-08-24 - 2020-10-30"
400163,50279569,"Williams","Izabella","Zoe Workstel","2021_KBCP_6_DU_Science",2020-10-30,97,"A","2020-08-24 - 2020-10-30"
400163,50290477,"Nunez","Adon","Zoe Workstel","2021_KBCP_6_DU_Science",2020-10-30,90,"A-","2020-08-24 - 2020-10-30"
400163,50293731,"Jackson","Titus","Zoe Workstel","2021_KBCP_6_DU_Science",2020-10-30,89,"B+","2020-08-24 - 2020-10-30"
400163,50294171,"Harris","Sacerlee","Zoe Workstel","2021_KBCP_6_DU_Science",2020-10-30,78,"C+","2020-08-24 - 2020-10-30"
400163,50295129,"Simpson","Trinity","Zoe Workstel","2021_KBCP_6_DU_Science",2020-10-30,64,"D","2020-08-24 - 2020-10-30"
400163,50307715,"Keys","Terrel","Zoe Workstel","2021_KBCP_6_DU_Science",2020-10-30,97,"A","2020-08-24 - 2020-10-30"
400163,50308491,"Goodwin Jr","Ivan","Zoe Workstel","2021_KBCP_6_DU_Science",2020-10-30,64,"D+","2020-08-24 - 2020-10-30"
400163,50311773,"Alexander","Christian","Zoe Workstel","2021_KBCP_6_DU_Science",2020-10-30,89,"B+","2020-08-24 - 2020-10-30"
400163,50337109,"Martin","Lamya","Zoe Workstel","2021_KBCP_6_DU_Science",2020-10-30,88,"A-","2020-08-24 - 2020-10-30"
400163,50373197,"Tomlin","Maxwell","Zoe Workstel","2021_KBCP_6_DU_Science",2020-10-30,86,"B","2020-08-24 - 2020-10-30"
400163,50374421,"Givantt","Deanna","Zoe Workstel","2021_KBCP_6_DU_Science",2020-10-30,97,"A","2020-08-24 - 2020-10-30"
400163,50402225,"White","Danijah","Zoe Workstel","2021_KBCP_6_DU_Science",2020-10-30,96,"A","2020-08-24 - 2020-10-30"
400163,50402434,"Peebles","Ariel","Zoe Workstel","2021_KBCP_6_DU_Science",2020-10-30,78,"C+","2020-08-24 - 2020-10-30"
400163,50404917,"Phillips","Julian","Zoe Workstel","2021_KBCP_6_DU_Science",2020-10-30,91,"A-","2020-08-24 - 2020-10-30"
400163,50425869,"Thomas","Zayna","Zoe Workstel","2021_KBCP_6_DU_Science",2020-10-30,81,"B-","2020-08-24 - 2020-10-30"
400163,50514620,"Brooks","Jake","Zoe Workstel","2021_KBCP_6_DU_Science",2020-10-30,78,"B","2020-08-24 - 2020-10-30"
400163,50616931,"Stovall","Azaria","Zoe Workstel","2021_KBCP_6_DU_Science",2020-10-30,77,"B","2020-08-24 - 2020-10-30"
400163,50616952,"Wilson","Zavion","Zoe Workstel","2021_KBCP_6_DU_Science",2020-10-30,76,"B-","2020-08-24 - 2020-10-30"
400163,50191712,"Coleman","Maclin","Zoe Workstel","2021_KBCP_6_DU_Science",2020-10-30,94,"A","2020-08-24 - 2020-10-30"
400163,50368314,"Karim","Kalil","Zoe Workstel","2021_KBCP_6_DU_Science",2020-10-30,90,"A-","2020-08-24 - 2020-10-30"
400163,50408983,"Young","Ryniah","Zoe Workstel","2021_KBCP_6_DU_Science",2020-10-30,57,"F","2020-08-24 - 2020-10-30"
400163,60032812,"Jackson","Charisma","Zoe Workstel","2021_KBCP_6_DU_Science",2020-10-30,79,"C+","2020-08-24 - 2020-10-30"
400163,50577191,"Olowu","Faridah","Zoe Workstel","2021_KBCP_6_DU_Science",2020-10-30,70,"C-","2020-08-24 - 2020-10-30"
400163,50403163,"Johnson","Tamia","Zoe Workstel","2021_KBCP_6_DU_Science",2020-10-30,71,"C","2020-08-24 - 2020-10-30"
400163,50368567,"Johnson","Zion","Zoe Workstel","2021_KBCP_6_DU_Science",2020-10-30,79,"C+","2020-08-24 - 2020-10-30"
400163,60057524,"Erving","Lamaree","Zoe Workstel","2021_KBCP_6_DU_Science",2020-10-30,95,"A","2020-08-24 - 2020-10-30"
400163,50296768,"Harper","Nevae","Zoe Workstel","2021_KBCP_6_DU_Science",2020-10-30,87,"B+","2020-08-24 - 2020-10-30"
400163,50395776,"Jones","Nyla","Zoe Workstel","2021_KBCP_6_IU_Science",2020-10-30,99,"A+","2020-08-24 - 2020-10-30"
400163,50224566,"Walton","Sabrina","Zoe Workstel","2021_KBCP_6_IU_Science",2020-10-30,59,"F","2020-08-24 - 2020-10-30"
400163,50278899,"Riley","Triana","Zoe Workstel","2021_KBCP_6_IU_Science",2020-10-30,82,"B-","2020-08-24 - 2020-10-30"
400163,50303631,"Weatherspoon","Angel","Zoe Workstel","2021_KBCP_6_IU_Science",2020-10-30,87,"B+","2020-08-24 - 2020-10-30"
400163,50308798,"White","Penny","Zoe Workstel","2021_KBCP_6_IU_Science",2020-10-30,78,"C+","2020-08-24 - 2020-10-30"
400163,50309851,"Wright","Kyron","Zoe Workstel","2021_KBCP_6_IU_Science",2020-10-30,96,"A","2020-08-24 - 2020-10-30"
400163,50315018,"Green","Dashon","Zoe Workstel","2021_KBCP_6_IU_Science",2020-10-30,88,"B+","2020-08-24 - 2020-10-30"
400163,50338577,"Brown","Ericka","Zoe Workstel","2021_KBCP_6_IU_Science",2020-10-30,90,"A-","2020-08-24 - 2020-10-30"
400163,50354021,"Burks","Jaylen","Zoe Workstel","2021_KBCP_6_IU_Science",2020-10-30,72,"B-","2020-08-24 - 2020-10-30"
400163,50358125,"Neal","Marshawn","Zoe Workstel","2021_KBCP_6_IU_Science",2020-10-30,80,"B-","2020-08-24 - 2020-10-30"
400163,50360977,"Lofton","Yashua","Zoe Workstel","2021_KBCP_6_IU_Science",2020-10-30,81,"B-","2020-08-24 - 2020-10-30"
400163,50365327,"Phillips","Irvyelle","Zoe Workstel","2021_KBCP_6_IU_Science",2020-10-30,63,"D","2020-08-24 - 2020-10-30"
400163,50406613,"Thompson","Richay","Zoe Workstel","2021_KBCP_6_IU_Science",2020-10-30,80,"B-","2020-08-24 - 2020-10-30"
400163,50408438,"Crockett","Kyra","Zoe Workstel","2021_KBCP_6_IU_Science",2020-10-30,69,"D+","2020-08-24 - 2020-10-30"
400163,50230093,"Brown","Keniyah","Zoe Workstel","2021_KBCP_6_IU_Science",2020-10-30,94,"A","2020-08-24 - 2020-10-30"
400163,50309746,"Blackman","Heaven","Zoe Workstel","2021_KBCP_6_IU_Science",2020-10-30,75,"C","2020-08-24 - 2020-10-30"
400163,50448765,"Beard","Mesiyah","Zoe Workstel","2021_KBCP_6_IU_Science",2020-10-30,79,"B","2020-08-24 - 2020-10-30"
400163,50589947,"Washington-Davis","Daisia","Zoe Workstel","2021_KBCP_6_IU_Science",2020-10-30,90,"A-","2020-08-24 - 2020-10-30"
400163,60032814,"Jackson","Dynasty","Zoe Workstel","2021_KBCP_6_IU_Science",2020-10-30,65,"D","2020-08-24 - 2020-10-30"
400163,50280117,"Peppers","Tazarra","Zoe Workstel","2021_KBCP_6_IU_Science",2020-10-30,69,"D+","2020-08-24 - 2020-10-30"
400163,60036919,"Miller","Jon'niyah","Zoe Workstel","2021_KBCP_6_IU_Science",2020-10-30,99,"A+","2020-08-24 - 2020-10-30"
400163,50398541,"Pore","Marlon","Zoe Workstel","2021_KBCP_6_IU_Science",2020-10-30,77,"C+","2020-08-24 - 2020-10-30"
400163,50286529,"Purnell","Tia","Zoe Workstel","2021_KBCP_6_IU_Science",2020-10-30,75,"C","2020-08-24 - 2020-10-30"
400163,50293633,"Brown","Reggina","Zoe Workstel","2021_KBCP_6_IU_Science",2020-10-30,74,"C","2020-08-24 - 2020-10-30"
400163,50557159,"Addy","Kristina-Marie","Zoe Workstel","2021_KBCP_6_IU_Science",2020-10-30,90,"A-","2020-08-24 - 2020-10-30"
400163,50290922,"Felters","Jabez","Zoe Workstel","2021_KBCP_6_IU_Science",2020-10-30,83,"B","2020-08-24 - 2020-10-30"
400163,50307790,"Dixon","Jeremiah","Zoe Workstel","2021_KBCP_6_IU_Science",2020-10-30,89,"B+","2020-08-24 - 2020-10-30"
400163,60000964,"Balogun","Ayomide","Zoe Workstel","2021_KBCP_6_IU_Science",2020-10-30,90,"A-","2020-08-24 - 2020-10-30"
400163,50349048,"Warren","Raekwon","Zoe Workstel","2021_KBCP_6_IU_Science",2020-10-30,62,"D-","2020-08-24 - 2020-10-30"
400163,50354010,"Boddie","Davionna","Zoe Workstel","2021_KBCP_6_IU_Science",2020-10-30,81,"B-","2020-08-24 - 2020-10-30"
400163,50352708,"Hilliard","Jakee","Zoe Workstel","2021_KBCP_6_IU_Science",2020-10-30,71,"C","2020-08-24 - 2020-10-30"
400163,50207538,"Cansler","Alyana","Zoe Workstel","2021_KBCP_6_ND_Science",2020-10-30,88,"B+","2020-08-24 - 2020-10-30"
400163,50293348,"Smith","Chadwick","Zoe Workstel","2021_KBCP_6_ND_Science",2020-10-30,96,"A","2020-08-24 - 2020-10-30"
400163,50359502,"Offord","Jeremiah","Zoe Workstel","2021_KBCP_6_ND_Science",2020-10-30,82,"B-","2020-08-24 - 2020-10-30"
400163,50378197,"Giles","Ayanna","Zoe Workstel","2021_KBCP_6_ND_Science",2020-10-30,89,"B+","2020-08-24 - 2020-10-30"
400163,50149427,"Kelly","Camari","Zoe Workstel","2021_KBCP_6_ND_Science",2020-10-30,89,"B+","2020-08-24 - 2020-10-30"
400163,50220814,"Weathersby","Jeffery","Zoe Workstel","2021_KBCP_6_ND_Science",2020-10-30,93,"A-","2020-08-24 - 2020-10-30"
400163,50269346,"Atkins","Alyssa","Zoe Workstel","2021_KBCP_6_ND_Science",2020-10-30,71,"C-","2020-08-24 - 2020-10-30"
400163,50272789,"Harris","Jeniyah","Zoe Workstel","2021_KBCP_6_ND_Science",2020-10-30,80,"B-","2020-08-24 - 2020-10-30"
400163,50292756,"Ramsey","Monnell","Zoe Workstel","2021_KBCP_6_ND_Science",2020-10-30,92,"A-","2020-08-24 - 2020-10-30"
400163,50307812,"Brown","Makayla","Zoe Workstel","2021_KBCP_6_ND_Science",2020-10-30,83,"B","2020-08-24 - 2020-10-30"
400163,50311597,"Williams","Shamaria","Zoe Workstel","2021_KBCP_6_ND_Science",2020-10-30,96,"A","2020-08-24 - 2020-10-30"
400163,50312447,"Louden","Laila","Zoe Workstel","2021_KBCP_6_ND_Science",2020-10-30,95,"A","2020-08-24 - 2020-10-30"
400163,50313289,"Green","Danita","Zoe Workstel","2021_KBCP_6_ND_Science",2020-10-30,90,"A-","2020-08-24 - 2020-10-30"
400163,50334083,"Gibbs","Kyerra","Zoe Workstel","2021_KBCP_6_ND_Science",2020-10-30,97,"A","2020-08-24 - 2020-10-30"
400163,50365334,"Phillips","Irvyana","Zoe Workstel","2021_KBCP_6_ND_Science",2020-10-30,76,"C","2020-08-24 - 2020-10-30"
400163,50373195,"Tomlin","Mahogany","Zoe Workstel","2021_KBCP_6_ND_Science",2020-10-30,84,"B","2020-08-24 - 2020-10-30"
400163,50391241,"Johnson","Demarion","Zoe Workstel","2021_KBCP_6_ND_Science",2020-10-30,95,"A","2020-08-24 - 2020-10-30"
400163,50398306,"Russell","Caleasa","Zoe Workstel","2021_KBCP_6_ND_Science",2020-10-30,87,"B+","2020-08-24 - 2020-10-30"
400163,50398834,"Sanders","Devondus","Zoe Workstel","2021_KBCP_6_ND_Science",2020-10-30,92,"A-","2020-08-24 - 2020-10-30"
400163,50402401,"Lacey","Shundel","Zoe Workstel","2021_KBCP_6_ND_Science",2020-10-30,90,"A-","2020-08-24 - 2020-10-30"
400163,50408759,"Osabuohien","Eseosa","Zoe Workstel","2021_KBCP_6_ND_Science",2020-10-30,98,"A+","2020-08-24 - 2020-10-30"
400163,50508930,"Williams","Kimani","Zoe Workstel","2021_KBCP_6_ND_Science",2020-10-30,76,"C","2020-08-24 - 2020-10-30"
400163,50278895,"Stokes","Keith","Zoe Workstel","2021_KBCP_6_ND_Science",2020-10-30,81,"B-","2020-08-24 - 2020-10-30"
400163,50280790,"Gayden","Kaniyah","Zoe Workstel","2021_KBCP_6_ND_Science",2020-10-30,83,"B","2020-08-24 - 2020-10-30"
400163,50205225,"Barnett","Robert","Zoe Workstel","2021_KBCP_6_ND_Science",2020-10-30,69,"D+","2020-08-24 - 2020-10-30"
400163,50341277,"Stringer","Jakyrah","Zoe Workstel","2021_KBCP_6_ND_Science",2020-10-30,82,"B-","2020-08-24 - 2020-10-30"
400163,50190432,"Smith","Amoni","Zoe Workstel","2021_KBCP_6_ND_Science",2020-10-30,74,"C","2020-08-24 - 2020-10-30"
400163,50426644,"Lacy","Keyae","Zoe Workstel","2021_KBCP_6_ND_Science",2020-10-30,71,"C-","2020-08-24 - 2020-10-30"
400163,50302976,"Wesley","Shamar","Zoe Workstel","2021_KBCP_6_ND_Science",2020-10-30,85,"B","2020-08-24 - 2020-10-30"
400163,50408362,"Kimbrough","Elissa","Zoe Workstel","2021_KBCP_6_ND_Science",2020-10-30,63,"D","2020-08-24 - 2020-10-30"
400163,50244324,"Griffin","India","Zoe Workstel","2021_KBCP_6_ND_Science",2020-10-30,63,"D","2020-08-24 - 2020-10-30"
400163,50375087,"Alston","Ava","Zoe Workstel","2021_KBCP_6_ND_Science",2020-10-30,90,"A-","2020-08-24 - 2020-10-30"
400163,50204530,"Redmond","Jocelena","David Kanson-Benanov","2021_KBCP_7_DL_ELA",2020-10-30,91,"A-","2020-08-24 - 2020-10-30"
400163,50207453,"Bogan","Detrell","David Kanson-Benanov","2021_KBCP_7_DL_ELA",2020-10-30,86,"B","2020-08-24 - 2020-10-30"
400163,50271640,"Smith","Camren","David Kanson-Benanov","2021_KBCP_7_DL_ELA",2020-10-30,90,"A-","2020-08-24 - 2020-10-30"
400163,50301486,"Johnson","Ja'hari","David Kanson-Benanov","2021_KBCP_7_DL_ELA",2020-10-30,94,"A","2020-08-24 - 2020-10-30"
400163,50307297,"Nix","Mister","David Kanson-Benanov","2021_KBCP_7_DL_ELA",2020-10-30,73,"C","2020-08-24 - 2020-10-30"
400163,50352125,"Render","Shaniya","David Kanson-Benanov","2021_KBCP_7_DL_ELA",2020-10-30,94,"A","2020-08-24 - 2020-10-30"
400163,50177393,"Thomas","Gabriel","David Kanson-Benanov","2021_KBCP_7_DL_ELA",2020-10-30,92,"A-","2020-08-24 - 2020-10-30"
400163,50353669,"Wright","Marquise","David Kanson-Benanov","2021_KBCP_7_DL_ELA",2020-10-30,83,"B","2020-08-24 - 2020-10-30"
400163,50204530,"Redmond","Jocelena","David Kanson-Benanov","2021_KBCP_7_DL_math",2020-10-30,85,"B","2020-08-24 - 2020-10-30"
400163,50207453,"Bogan","Detrell","David Kanson-Benanov","2021_KBCP_7_DL_math",2020-10-30,83,"B","2020-08-24 - 2020-10-30"
400163,50271640,"Smith","Camren","David Kanson-Benanov","2021_KBCP_7_DL_math",2020-10-30,82,"B-","2020-08-24 - 2020-10-30"
400163,50307297,"Nix","Mister","David Kanson-Benanov","2021_KBCP_7_DL_math",2020-10-30,69,"D+","2020-08-24 - 2020-10-30"
400163,50352125,"Render","Shaniya","David Kanson-Benanov","2021_KBCP_7_DL_math",2020-10-30,90,"A-","2020-08-24 - 2020-10-30"
400163,50177393,"Thomas","Gabriel","David Kanson-Benanov","2021_KBCP_7_DL_math",2020-10-30,94,"A","2020-08-24 - 2020-10-30"
400163,50287952,"Franklin","Kamarion","David Kanson-Benanov","2021_KBCP_7_DL_math",2020-10-30,95,"A","2020-08-24 - 2020-10-30"
400163,50353669,"Wright","Marquise","David Kanson-Benanov","2021_KBCP_7_DL_math",2020-10-30,87,"B+","2020-08-24 - 2020-10-30"
400163,50137280,"Rogers","Javontaye","Karlita Jefferson","2021_KBCP_7_FM_Science",2020-10-30,71,"C-","2020-08-24 - 2020-10-30"
400163,50073034,"Ramsey","Kaniyah","Karlita Jefferson","2021_KBCP_7_FM_Science",2020-10-30,86,"B","2020-08-24 - 2020-10-30"
400163,50084130,"Germany","Emonni","Karlita Jefferson","2021_KBCP_7_FM_Science",2020-10-30,89,"B+","2020-08-24 - 2020-10-30"
400163,50190396,"Hood","Jamaria","Karlita Jefferson","2021_KBCP_7_FM_Science",2020-10-30,82,"B-","2020-08-24 - 2020-10-30"
400163,50216423,"Jackson","Jessica","Karlita Jefferson","2021_KBCP_7_FM_Science",2020-10-30,80,"B-","2020-08-24 - 2020-10-30"
400163,50222405,"Johnson","Larell","Karlita Jefferson","2021_KBCP_7_FM_Science",2020-10-30,61,"D-","2020-08-24 - 2020-10-30"
400163,50244308,"Griffin","I'nyah","Karlita Jefferson","2021_KBCP_7_FM_Science",2020-10-30,65,"D","2020-08-24 - 2020-10-30"
400163,50251148,"Oneal","Zacaya","Karlita Jefferson","2021_KBCP_7_FM_Science",2020-10-30,99,"A+","2020-08-24 - 2020-10-30"
400163,50277131,"Smith","Ja'haun","Karlita Jefferson","2021_KBCP_7_FM_Science",2020-10-30,62,"D-","2020-08-24 - 2020-10-30"
400163,50282290,"Jenkins","Iyonna","Karlita Jefferson","2021_KBCP_7_FM_Science",2020-10-30,70,"C-","2020-08-24 - 2020-10-30"
400163,50290371,"Trull III","Martin","Karlita Jefferson","2021_KBCP_7_FM_Science",2020-10-30,80,"B-","2020-08-24 - 2020-10-30"
400163,50296882,"Jordan","Charles","Karlita Jefferson","2021_KBCP_7_FM_Science",2020-10-30,71,"C-","2020-08-24 - 2020-10-30"
400163,50311490,"Parker","Gabrille","Karlita Jefferson","2021_KBCP_7_FM_Science",2020-10-30,77,"C+","2020-08-24 - 2020-10-30"
400163,50349243,"Freeman","Patrice","Karlita Jefferson","2021_KBCP_7_FM_Science",2020-10-30,79,"C+","2020-08-24 - 2020-10-30"
400163,50359452,"Busby","Osean","Karlita Jefferson","2021_KBCP_7_FM_Science",2020-10-30,70,"C-","2020-08-24 - 2020-10-30"
400163,50460831,"Tinzie","Sydnee","Karlita Jefferson","2021_KBCP_7_FM_Science",2020-10-30,93,"A-","2020-08-24 - 2020-10-30"
400163,50577096,"Rainey","Ky'Lee","Karlita Jefferson","2021_KBCP_7_FM_Science",2020-10-30,79,"B","2020-08-24 - 2020-10-30"
400163,50184314,"White","Denisha","Karlita Jefferson","2021_KBCP_7_FM_Science",2020-10-30,69,"D+","2020-08-24 - 2020-10-30"
400163,50225797,"Neal","Heaven","Karlita Jefferson","2021_KBCP_7_FM_Science",2020-10-30,98,"A+","2020-08-24 - 2020-10-30"
400163,50159400,"Calahan","J'vaughn","Karlita Jefferson","2021_KBCP_7_FM_Science",2020-10-30,61,"D-","2020-08-24 - 2020-10-30"
400163,50198732,"Nunnally II","Michael","Karlita Jefferson","2021_KBCP_7_FM_Science",2020-10-30,76,"C","2020-08-24 - 2020-10-30"
400163,50226421,"Bates","Christina","Karlita Jefferson","2021_KBCP_7_FM_Science",2020-10-30,80,"B-","2020-08-24 - 2020-10-30"
400163,50294889,"Haggins","Lorenzo","Karlita Jefferson","2021_KBCP_7_FM_Science",2020-10-30,65,"D","2020-08-24 - 2020-10-30"
400163,50307804,"Wiley","Tyrin","Karlita Jefferson","2021_KBCP_7_FM_Science",2020-10-30,63,"D","2020-08-24 - 2020-10-30"
400163,50318444,"Smith","Damaria","Karlita Jefferson","2021_KBCP_7_FM_Science",2020-10-30,76,"C","2020-08-24 - 2020-10-30"
400163,50573164,"Thomas","D'rel","Karlita Jefferson","2021_KBCP_7_FM_Science",2020-10-30,75,"C","2020-08-24 - 2020-10-30"
400163,50220758,"Rogers","Justin","Karlita Jefferson","2021_KBCP_7_FM_Science",2020-10-30,64,"D","2020-08-24 - 2020-10-30"
400163,50342803,"Cruder","Jawaun","Karlita Jefferson","2021_KBCP_7_FM_Science",2020-10-30,91,"A-","2020-08-24 - 2020-10-30"
400163,50307624,"Saucedo Rueda","Rolando","Karlita Jefferson","2021_KBCP_7_FM_Science",2020-10-30,77,"C+","2020-08-24 - 2020-10-30"
400163,50249708,"Dobbs","Kassidy","Karlita Jefferson","2021_KBCP_7_HU_Science",2020-10-30,79,"C+","2020-08-24 - 2020-10-30"
400163,50073935,"Watkins","Tatiana","Karlita Jefferson","2021_KBCP_7_HU_Science",2020-10-30,62,"D-","2020-08-24 - 2020-10-30"
400163,50588300,"Gibbs","Aran","Karlita Jefferson","2021_KBCP_7_HU_Science",2020-10-30,77,"C+","2020-08-24 - 2020-10-30"
400163,50169831,"Johnson","Branden","Karlita Jefferson","2021_KBCP_7_HU_Science",2020-10-30,81,"B-","2020-08-24 - 2020-10-30"
400163,50220762,"Fairley","Taniya","Karlita Jefferson","2021_KBCP_7_HU_Science",2020-10-30,97,"A","2020-08-24 - 2020-10-30"
400163,50224542,"Criss","Tatiana","Karlita Jefferson","2021_KBCP_7_HU_Science",2020-10-30,84,"B","2020-08-24 - 2020-10-30"
400163,50225788,"Daniels","Alyssa","Karlita Jefferson","2021_KBCP_7_HU_Science",2020-10-30,75,"C","2020-08-24 - 2020-10-30"
400163,50244914,"Cole","Sanielle","Karlita Jefferson","2021_KBCP_7_HU_Science",2020-10-30,75,"C","2020-08-24 - 2020-10-30"
400163,50248044,"Ogaldez","Phillicia","Karlita Jefferson","2021_KBCP_7_HU_Science",2020-10-30,72,"C-","2020-08-24 - 2020-10-30"
400163,50248138,"Hinton","Emari","Karlita Jefferson","2021_KBCP_7_HU_Science",2020-10-30,69,"D+","2020-08-24 - 2020-10-30"
400163,50253137,"Williams","Zaria","Karlita Jefferson","2021_KBCP_7_HU_Science",2020-10-30,84,"B","2020-08-24 - 2020-10-30"
400163,50294158,"Smith","Daniel","Karlita Jefferson","2021_KBCP_7_HU_Science",2020-10-30,71,"C-","2020-08-24 - 2020-10-30"
400163,50320434,"Chocolate","Destiny","Karlita Jefferson","2021_KBCP_7_HU_Science",2020-10-30,61,"D-","2020-08-24 - 2020-10-30"
400163,50337961,"Triplett","Kamya","Karlita Jefferson","2021_KBCP_7_HU_Science",2020-10-30,83,"B","2020-08-24 - 2020-10-30"
400163,50355682,"Heath","Amahri","Karlita Jefferson","2021_KBCP_7_HU_Science",2020-10-30,69,"D+","2020-08-24 - 2020-10-30"
400163,50452931,"Parish","Nakayla","Karlita Jefferson","2021_KBCP_7_HU_Science",2020-10-30,61,"D-","2020-08-24 - 2020-10-30"
400163,50481493,"White","Dsean","Karlita Jefferson","2021_KBCP_7_HU_Science",2020-10-30,83,"B","2020-08-24 - 2020-10-30"
400163,50354771,"Sankey","Jamyah","Karlita Jefferson","2021_KBCP_7_HU_Science",2020-10-30,61,"D-","2020-08-24 - 2020-10-30"
400163,50293069,"Moore-Rivera","Shania","Karlita Jefferson","2021_KBCP_7_HU_Science",2020-10-30,86,"B","2020-08-24 - 2020-10-30"
400163,50351148,"Brown","Chloe","Karlita Jefferson","2021_KBCP_7_HU_Science",2020-10-30,71,"C-","2020-08-24 - 2020-10-30"
400163,50229989,"Othman-Adams","Sam","Karlita Jefferson","2021_KBCP_7_HU_Science",2020-10-30,72,"C-","2020-08-24 - 2020-10-30"
400163,50300942,"Jones","Cherry","Karlita Jefferson","2021_KBCP_7_HU_Science",2020-10-30,61,"D-","2020-08-24 - 2020-10-30"
400163,50454395,"Phillips","Irvyon","Karlita Jefferson","2021_KBCP_7_HU_Science",2020-10-30,83,"B","2020-08-24 - 2020-10-30"
400163,50187898,"Nance","Issac","Karlita Jefferson","2021_KBCP_7_HU_Science",2020-10-30,83,"B","2020-08-24 - 2020-10-30"
400163,50203942,"Hayden","Lorenzo","Karlita Jefferson","2021_KBCP_7_HU_Science",2020-10-30,72,"C-","2020-08-24 - 2020-10-30"
400163,50307802,"Wiley","Nanaidia","Karlita Jefferson","2021_KBCP_7_HU_Science",2020-10-30,71,"C-","2020-08-24 - 2020-10-30"
400163,50352863,"Motton","K'shawn","Karlita Jefferson","2021_KBCP_7_HU_Science",2020-10-30,62,"D-","2020-08-24 - 2020-10-30"
400163,50305024,"Hall","Shrell","Karlita Jefferson","2021_KBCP_7_HU_Science",2020-10-30,94,"A","2020-08-24 - 2020-10-30"
400163,50313778,"Parker","Zamon","Karlita Jefferson","2021_KBCP_7_HU_Science",2020-10-30,77,"C+","2020-08-24 - 2020-10-30"
400163,50338175,"Hilliard","Jayla","Karlita Jefferson","2021_KBCP_7_HU_Science",2020-10-30,86,"B","2020-08-24 - 2020-10-30"
400163,50245014,"Henderson","Angelo","Karlita Jefferson","2021_KBCP_7_HU_Science",2020-10-30,93,"A-","2020-08-24 - 2020-10-30"
400163,50253829,"Burbon","Amir","Karlita Jefferson","2021_KBCP_7_HU_Science",2020-10-30,91,"A-","2020-08-24 - 2020-10-30"
400163,50326162,"Fox","Dhamya","Karlita Jefferson","2021_KBCP_7_HU_Science",2020-10-30,83,"B","2020-08-24 - 2020-10-30"
400163,50311136,"Holmes","Jeffery","Karlita Jefferson","2021_KBCP_7_HU_Science",2020-10-30,69,"D+","2020-08-24 - 2020-10-30"
400163,50305936,"Saunders","Nyeemah","Karlita Jefferson","2021_KBCP_7_HU_Science",2020-10-30,62,"D-","2020-08-24 - 2020-10-30"
400163,50204530,"Redmond","Jocelena","Karlita Jefferson","2021_KBCP_7_GU_Science",2020-10-30,62,"C","2020-08-24 - 2020-10-30"
400163,50207453,"Bogan","Detrell","Karlita Jefferson","2021_KBCP_7_GU_Science",2020-10-30,62,"C","2020-08-24 - 2020-10-30"
400163,50228686,"Felters","Heaven","Karlita Jefferson","2021_KBCP_7_GU_Science",2020-10-30,91,"A-","2020-08-24 - 2020-10-30"
400163,50235395,"Byrd","Rihanna","Karlita Jefferson","2021_KBCP_7_GU_Science",2020-10-30,95,"A","2020-08-24 - 2020-10-30"
400163,50240283,"Lightfoot","Emari","Karlita Jefferson","2021_KBCP_7_GU_Science",2020-10-30,79,"C+","2020-08-24 - 2020-10-30"
400163,50248530,"Harper","Isaiah","Karlita Jefferson","2021_KBCP_7_GU_Science",2020-10-30,94,"A","2020-08-24 - 2020-10-30"
400163,50257770,"Walker","Kaila","Karlita Jefferson","2021_KBCP_7_GU_Science",2020-10-30,95,"A","2020-08-24 - 2020-10-30"
400163,50271640,"Smith","Camren","Karlita Jefferson","2021_KBCP_7_GU_Science",2020-10-30,61,"B-","2020-08-24 - 2020-10-30"
400163,50301486,"Johnson","Ja'hari","Karlita Jefferson","2021_KBCP_7_GU_Science",2020-10-30,64,"C","2020-08-24 - 2020-10-30"
400163,50304939,"Carter-Crockett","Jakayla","Karlita Jefferson","2021_KBCP_7_GU_Science",2020-10-30,78,"C+","2020-08-24 - 2020-10-30"
400163,50307297,"Nix","Mister","Karlita Jefferson","2021_KBCP_7_GU_Science",2020-10-30,65,"C","2020-08-24 - 2020-10-30"
400163,50318754,"Davis","Ilec","Karlita Jefferson","2021_KBCP_7_GU_Science",2020-10-30,87,"B+","2020-08-24 - 2020-10-30"
400163,50352125,"Render","Shaniya","Karlita Jefferson","2021_KBCP_7_GU_Science",2020-10-30,77,"B","2020-08-24 - 2020-10-30"
400163,50358654,"Stamps","Roy","Karlita Jefferson","2021_KBCP_7_GU_Science",2020-10-30,71,"C-","2020-08-24 - 2020-10-30"
400163,50449778,"Phillips","D'Niyah","Karlita Jefferson","2021_KBCP_7_GU_Science",2020-10-30,70,"C-","2020-08-24 - 2020-10-30"
400163,50480197,"Cornell","Amari","Karlita Jefferson","2021_KBCP_7_GU_Science",2020-10-30,91,"A-","2020-08-24 - 2020-10-30"
400163,50221883,"Williams","Kazariah","Karlita Jefferson","2021_KBCP_7_GU_Science",2020-10-30,71,"C-","2020-08-24 - 2020-10-30"
400163,50279276,"Christmas","Deon","Karlita Jefferson","2021_KBCP_7_GU_Science",2020-10-30,85,"B","2020-08-24 - 2020-10-30"
400163,50177393,"Thomas","Gabriel","Karlita Jefferson","2021_KBCP_7_GU_Science",2020-10-30,90,"A-","2020-08-24 - 2020-10-30"
400163,50297267,"Fulton","A'nylah","Karlita Jefferson","2021_KBCP_7_GU_Science",2020-10-30,62,"D-","2020-08-24 - 2020-10-30"
400163,50228574,"Stamps","Haviland","Karlita Jefferson","2021_KBCP_7_GU_Science",2020-10-30,76,"C","2020-08-24 - 2020-10-30"
400163,50276978,"Coleman","Jeremiah","Karlita Jefferson","2021_KBCP_7_GU_Science",2020-10-30,69,"D+","2020-08-24 - 2020-10-30"
400163,50336106,"Lewis","Jayla","Karlita Jefferson","2021_KBCP_7_GU_Science",2020-10-30,72,"C-","2020-08-24 - 2020-10-30"
400163,50340628,"Gause","Alaya","Karlita Jefferson","2021_KBCP_7_GU_Science",2020-10-30,71,"C-","2020-08-24 - 2020-10-30"
400163,50350953,"Hall","Morgan","Karlita Jefferson","2021_KBCP_7_GU_Science",2020-10-30,71,"C-","2020-08-24 - 2020-10-30"
400163,50287952,"Franklin","Kamarion","Karlita Jefferson","2021_KBCP_7_GU_Science",2020-10-30,79,"C+","2020-08-24 - 2020-10-30"
400163,50189191,"Walker","Jamya","Karlita Jefferson","2021_KBCP_7_GU_Science",2020-10-30,65,"D","2020-08-24 - 2020-10-30"
400163,50353669,"Wright","Marquise","Karlita Jefferson","2021_KBCP_7_GU_Science",2020-10-30,64,"D","2020-08-24 - 2020-10-30"
400163,50295766,"Davis","Martrell","Karlita Jefferson","2021_KBCP_7_GU_Science",2020-10-30,81,"B-","2020-08-24 - 2020-10-30"
400163,50068161,"Grey","Samara","Karlita Jefferson","2021_KBCP_7_GU_Science",2020-10-30,95,"A","2020-08-24 - 2020-10-30"
400163,50218741,"Frazier","Jakayla","Karlita Jefferson","2021_KBCP_7_GU_Science",2020-10-30,76,"C","2020-08-24 - 2020-10-30"
400163,50225427,"Veal","Christopher","Karlita Jefferson","2021_KBCP_7_GU_Science",2020-10-30,73,"C","2020-08-24 - 2020-10-30"
400163,50137280,"Rogers","Javontaye","Evonne Bankston","2021_KBCP_7_FM_SS",2020-10-30,73,"C","2020-08-24 - 2020-10-30"
400163,50073034,"Ramsey","Kaniyah","Evonne Bankston","2021_KBCP_7_FM_SS",2020-10-30,87,"B+","2020-08-24 - 2020-10-30"
400163,50084130,"Germany","Emonni","Evonne Bankston","2021_KBCP_7_FM_SS",2020-10-30,84,"B","2020-08-24 - 2020-10-30"
400163,50190396,"Hood","Jamaria","Evonne Bankston","2021_KBCP_7_FM_SS",2020-10-30,81,"B-","2020-08-24 - 2020-10-30"
400163,50216423,"Jackson","Jessica","Evonne Bankston","2021_KBCP_7_FM_SS",2020-10-30,78,"C+","2020-08-24 - 2020-10-30"
400163,50222405,"Johnson","Larell","Evonne Bankston","2021_KBCP_7_FM_SS",2020-10-30,72,"C-","2020-08-24 - 2020-10-30"
400163,50244308,"Griffin","I'nyah","Evonne Bankston","2021_KBCP_7_FM_SS",2020-10-30,71,"C-","2020-08-24 - 2020-10-30"
400163,50251148,"Oneal","Zacaya","Evonne Bankston","2021_KBCP_7_FM_SS",2020-10-30,88,"B+","2020-08-24 - 2020-10-30"
400163,50277131,"Smith","Ja'haun","Evonne Bankston","2021_KBCP_7_FM_SS",2020-10-30,77,"C+","2020-08-24 - 2020-10-30"
400163,50282290,"Jenkins","Iyonna","Evonne Bankston","2021_KBCP_7_FM_SS",2020-10-30,71,"C-","2020-08-24 - 2020-10-30"
400163,50290371,"Trull III","Martin","Evonne Bankston","2021_KBCP_7_FM_SS",2020-10-30,81,"B-","2020-08-24 - 2020-10-30"
400163,50296882,"Jordan","Charles","Evonne Bankston","2021_KBCP_7_FM_SS",2020-10-30,71,"C-","2020-08-24 - 2020-10-30"
400163,50311490,"Parker","Gabrille","Evonne Bankston","2021_KBCP_7_FM_SS",2020-10-30,76,"C","2020-08-24 - 2020-10-30"
400163,50349243,"Freeman","Patrice","Evonne Bankston","2021_KBCP_7_FM_SS",2020-10-30,86,"B","2020-08-24 - 2020-10-30"
400163,50359452,"Busby","Osean","Evonne Bankston","2021_KBCP_7_FM_SS",2020-10-30,75,"C","2020-08-24 - 2020-10-30"
400163,50460831,"Tinzie","Sydnee","Evonne Bankston","2021_KBCP_7_FM_SS",2020-10-30,90,"A-","2020-08-24 - 2020-10-30"
400163,50577096,"Rainey","Ky'Lee","Evonne Bankston","2021_KBCP_7_FM_SS",2020-10-30,83,"B","2020-08-24 - 2020-10-30"
400163,50184314,"White","Denisha","Evonne Bankston","2021_KBCP_7_FM_SS",2020-10-30,78,"C+","2020-08-24 - 2020-10-30"
400163,50225797,"Neal","Heaven","Evonne Bankston","2021_KBCP_7_FM_SS",2020-10-30,87,"B+","2020-08-24 - 2020-10-30"
400163,50159400,"Calahan","J'vaughn","Evonne Bankston","2021_KBCP_7_FM_SS",2020-10-30,75,"C","2020-08-24 - 2020-10-30"
400163,50198732,"Nunnally II","Michael","Evonne Bankston","2021_KBCP_7_FM_SS",2020-10-30,80,"B-","2020-08-24 - 2020-10-30"
400163,50226421,"Bates","Christina","Evonne Bankston","2021_KBCP_7_FM_SS",2020-10-30,71,"C-","2020-08-24 - 2020-10-30"
400163,50294889,"Haggins","Lorenzo","Evonne Bankston","2021_KBCP_7_FM_SS",2020-10-30,84,"B","2020-08-24 - 2020-10-30"
400163,50307804,"Wiley","Tyrin","Evonne Bankston","2021_KBCP_7_FM_SS",2020-10-30,81,"B-","2020-08-24 - 2020-10-30"
400163,50318444,"Smith","Damaria","Evonne Bankston","2021_KBCP_7_FM_SS",2020-10-30,80,"B-","2020-08-24 - 2020-10-30"
400163,50573164,"Thomas","D'rel","Evonne Bankston","2021_KBCP_7_FM_SS",2020-10-30,77,"C+","2020-08-24 - 2020-10-30"
400163,50220758,"Rogers","Justin","Evonne Bankston","2021_KBCP_7_FM_SS",2020-10-30,75,"C","2020-08-24 - 2020-10-30"
400163,50342803,"Cruder","Jawaun","Evonne Bankston","2021_KBCP_7_FM_SS",2020-10-30,91,"A-","2020-08-24 - 2020-10-30"
400163,50307624,"Saucedo Rueda","Rolando","Evonne Bankston","2021_KBCP_7_FM_SS",2020-10-30,90,"A-","2020-08-24 - 2020-10-30"
400163,50249708,"Dobbs","Kassidy","Evonne Bankston","2021_KBCP_7_HU_SS",2020-10-30,81,"B-","2020-08-24 - 2020-10-30"
400163,50073935,"Watkins","Tatiana","Evonne Bankston","2021_KBCP_7_HU_SS",2020-10-30,80,"B-","2020-08-24 - 2020-10-30"
400163,50588300,"Gibbs","Aran","Evonne Bankston","2021_KBCP_7_HU_SS",2020-10-30,74,"C","2020-08-24 - 2020-10-30"
400163,50169831,"Johnson","Branden","Evonne Bankston","2021_KBCP_7_HU_SS",2020-10-30,84,"B","2020-08-24 - 2020-10-30"
400163,50220762,"Fairley","Taniya","Evonne Bankston","2021_KBCP_7_HU_SS",2020-10-30,81,"B-","2020-08-24 - 2020-10-30"
400163,50224542,"Criss","Tatiana","Evonne Bankston","2021_KBCP_7_HU_SS",2020-10-30,87,"B+","2020-08-24 - 2020-10-30"
400163,50225788,"Daniels","Alyssa","Evonne Bankston","2021_KBCP_7_HU_SS",2020-10-30,80,"B-","2020-08-24 - 2020-10-30"
400163,50244914,"Cole","Sanielle","Evonne Bankston","2021_KBCP_7_HU_SS",2020-10-30,81,"B-","2020-08-24 - 2020-10-30"
400163,50248044,"Ogaldez","Phillicia","Evonne Bankston","2021_KBCP_7_HU_SS",2020-10-30,84,"B","2020-08-24 - 2020-10-30"
400163,50248138,"Hinton","Emari","Evonne Bankston","2021_KBCP_7_HU_SS",2020-10-30,81,"B-","2020-08-24 - 2020-10-30"
400163,50253137,"Williams","Zaria","Evonne Bankston","2021_KBCP_7_HU_SS",2020-10-30,77,"C+","2020-08-24 - 2020-10-30"
400163,50294158,"Smith","Daniel","Evonne Bankston","2021_KBCP_7_HU_SS",2020-10-30,79,"C+","2020-08-24 - 2020-10-30"
400163,50320434,"Chocolate","Destiny","Evonne Bankston","2021_KBCP_7_HU_SS",2020-10-30,73,"C","2020-08-24 - 2020-10-30"
400163,50337961,"Triplett","Kamya","Evonne Bankston","2021_KBCP_7_HU_SS",2020-10-30,91,"A-","2020-08-24 - 2020-10-30"
400163,50355682,"Heath","Amahri","Evonne Bankston","2021_KBCP_7_HU_SS",2020-10-30,78,"C+","2020-08-24 - 2020-10-30"
400163,50452931,"Parish","Nakayla","Evonne Bankston","2021_KBCP_7_HU_SS",2020-10-30,70,"C-","2020-08-24 - 2020-10-30"
400163,50481493,"White","Dsean","Evonne Bankston","2021_KBCP_7_HU_SS",2020-10-30,77,"C+","2020-08-24 - 2020-10-30"
400163,50354771,"Sankey","Jamyah","Evonne Bankston","2021_KBCP_7_HU_SS",2020-10-30,78,"C+","2020-08-24 - 2020-10-30"
400163,50293069,"Moore-Rivera","Shania","Evonne Bankston","2021_KBCP_7_HU_SS",2020-10-30,86,"B","2020-08-24 - 2020-10-30"
400163,50351148,"Brown","Chloe","Evonne Bankston","2021_KBCP_7_HU_SS",2020-10-30,75,"C","2020-08-24 - 2020-10-30"
400163,50229989,"Othman-Adams","Sam","Evonne Bankston","2021_KBCP_7_HU_SS",2020-10-30,77,"C+","2020-08-24 - 2020-10-30"
400163,50300942,"Jones","Cherry","Evonne Bankston","2021_KBCP_7_HU_SS",2020-10-30,72,"C-","2020-08-24 - 2020-10-30"
400163,50454395,"Phillips","Irvyon","Evonne Bankston","2021_KBCP_7_HU_SS",2020-10-30,70,"C-","2020-08-24 - 2020-10-30"
400163,50187898,"Nance","Issac","Evonne Bankston","2021_KBCP_7_HU_SS",2020-10-30,83,"B","2020-08-24 - 2020-10-30"
400163,50203942,"Hayden","Lorenzo","Evonne Bankston","2021_KBCP_7_HU_SS",2020-10-30,85,"B","2020-08-24 - 2020-10-30"
400163,50307802,"Wiley","Nanaidia","Evonne Bankston","2021_KBCP_7_HU_SS",2020-10-30,78,"C+","2020-08-24 - 2020-10-30"
400163,50352863,"Motton","K'shawn","Evonne Bankston","2021_KBCP_7_HU_SS",2020-10-30,79,"C+","2020-08-24 - 2020-10-30"
400163,50305024,"Hall","Shrell","Evonne Bankston","2021_KBCP_7_HU_SS",2020-10-30,83,"B","2020-08-24 - 2020-10-30"
400163,50313778,"Parker","Zamon","Evonne Bankston","2021_KBCP_7_HU_SS",2020-10-30,78,"C+","2020-08-24 - 2020-10-30"
400163,50338175,"Hilliard","Jayla","Evonne Bankston","2021_KBCP_7_HU_SS",2020-10-30,78,"C+","2020-08-24 - 2020-10-30"
400163,50245014,"Henderson","Angelo","Evonne Bankston","2021_KBCP_7_HU_SS",2020-10-30,89,"B+","2020-08-24 - 2020-10-30"
400163,50253829,"Burbon","Amir","Evonne Bankston","2021_KBCP_7_HU_SS",2020-10-30,81,"B-","2020-08-24 - 2020-10-30"
400163,50326162,"Fox","Dhamya","Evonne Bankston","2021_KBCP_7_HU_SS",2020-10-30,84,"B","2020-08-24 - 2020-10-30"
400163,50311136,"Holmes","Jeffery","Evonne Bankston","2021_KBCP_7_HU_SS",2020-10-30,76,"C","2020-08-24 - 2020-10-30"
400163,50305936,"Saunders","Nyeemah","Evonne Bankston","2021_KBCP_7_HU_SS",2020-10-30,74,"C","2020-08-24 - 2020-10-30"
400163,50204530,"Redmond","Jocelena","Evonne Bankston","2021_KBCP_7_GU_SS",2020-10-30,74,"B","2020-08-24 - 2020-10-30"
400163,50207453,"Bogan","Detrell","Evonne Bankston","2021_KBCP_7_GU_SS",2020-10-30,75,"C","2020-08-24 - 2020-10-30"
400163,50228686,"Felters","Heaven","Evonne Bankston","2021_KBCP_7_GU_SS",2020-10-30,69,"D+","2020-08-24 - 2020-10-30"
400163,50235395,"Byrd","Rihanna","Evonne Bankston","2021_KBCP_7_GU_SS",2020-10-30,93,"A-","2020-08-24 - 2020-10-30"
400163,50240283,"Lightfoot","Emari","Evonne Bankston","2021_KBCP_7_GU_SS",2020-10-30,80,"B-","2020-08-24 - 2020-10-30"
400163,50248530,"Harper","Isaiah","Evonne Bankston","2021_KBCP_7_GU_SS",2020-10-30,81,"B-","2020-08-24 - 2020-10-30"
400163,50257770,"Walker","Kaila","Evonne Bankston","2021_KBCP_7_GU_SS",2020-10-30,80,"B-","2020-08-24 - 2020-10-30"
400163,50271640,"Smith","Camren","Evonne Bankston","2021_KBCP_7_GU_SS",2020-10-30,81,"B-","2020-08-24 - 2020-10-30"
400163,50301486,"Johnson","Ja'hari","Evonne Bankston","2021_KBCP_7_GU_SS",2020-10-30,69,"B-","2020-08-24 - 2020-10-30"
400163,50304939,"Carter-Crockett","Jakayla","Evonne Bankston","2021_KBCP_7_GU_SS",2020-10-30,89,"B+","2020-08-24 - 2020-10-30"
400163,50307297,"Nix","Mister","Evonne Bankston","2021_KBCP_7_GU_SS",2020-10-30,67,"C","2020-08-24 - 2020-10-30"
400163,50318754,"Davis","Ilec","Evonne Bankston","2021_KBCP_7_GU_SS",2020-10-30,77,"C+","2020-08-24 - 2020-10-30"
400163,50352125,"Render","Shaniya","Evonne Bankston","2021_KBCP_7_GU_SS",2020-10-30,80,"B-","2020-08-24 - 2020-10-30"
400163,50358654,"Stamps","Roy","Evonne Bankston","2021_KBCP_7_GU_SS",2020-10-30,78,"C+","2020-08-24 - 2020-10-30"
400163,50449778,"Phillips","D'Niyah","Evonne Bankston","2021_KBCP_7_GU_SS",2020-10-30,85,"B","2020-08-24 - 2020-10-30"
400163,50480197,"Cornell","Amari","Evonne Bankston","2021_KBCP_7_GU_SS",2020-10-30,90,"A-","2020-08-24 - 2020-10-30"
400163,50221883,"Williams","Kazariah","Evonne Bankston","2021_KBCP_7_GU_SS",2020-10-30,78,"C+","2020-08-24 - 2020-10-30"
400163,50279276,"Christmas","Deon","Evonne Bankston","2021_KBCP_7_GU_SS",2020-10-30,78,"C+","2020-08-24 - 2020-10-30"
400163,50177393,"Thomas","Gabriel","Evonne Bankston","2021_KBCP_7_GU_SS",2020-10-30,72,"C-","2020-08-24 - 2020-10-30"
400163,50297267,"Fulton","A'nylah","Evonne Bankston","2021_KBCP_7_GU_SS",2020-10-30,79,"C+","2020-08-24 - 2020-10-30"
400163,50228574,"Stamps","Haviland","Evonne Bankston","2021_KBCP_7_GU_SS",2020-10-30,81,"B-","2020-08-24 - 2020-10-30"
400163,50276978,"Coleman","Jeremiah","Evonne Bankston","2021_KBCP_7_GU_SS",2020-10-30,81,"B-","2020-08-24 - 2020-10-30"
400163,50336106,"Lewis","Jayla","Evonne Bankston","2021_KBCP_7_GU_SS",2020-10-30,85,"B","2020-08-24 - 2020-10-30"
400163,50340628,"Gause","Alaya","Evonne Bankston","2021_KBCP_7_GU_SS",2020-10-30,85,"B","2020-08-24 - 2020-10-30"
400163,50350953,"Hall","Morgan","Evonne Bankston","2021_KBCP_7_GU_SS",2020-10-30,83,"B","2020-08-24 - 2020-10-30"
400163,50287952,"Franklin","Kamarion","Evonne Bankston","2021_KBCP_7_GU_SS",2020-10-30,79,"C+","2020-08-24 - 2020-10-30"
400163,50189191,"Walker","Jamya","Evonne Bankston","2021_KBCP_7_GU_SS",2020-10-30,84,"B","2020-08-24 - 2020-10-30"
400163,50353669,"Wright","Marquise","Evonne Bankston","2021_KBCP_7_GU_SS",2020-10-30,76,"C","2020-08-24 - 2020-10-30"
400163,50295766,"Davis","Martrell","Evonne Bankston","2021_KBCP_7_GU_SS",2020-10-30,72,"C-","2020-08-24 - 2020-10-30"
400163,50068161,"Grey","Samara","Evonne Bankston","2021_KBCP_7_GU_SS",2020-10-30,90,"A-","2020-08-24 - 2020-10-30"
400163,50218741,"Frazier","Jakayla","Evonne Bankston","2021_KBCP_7_GU_SS",2020-10-30,76,"C","2020-08-24 - 2020-10-30"
400163,50225427,"Veal","Christopher","Evonne Bankston","2021_KBCP_7_GU_SS",2020-10-30,80,"B-","2020-08-24 - 2020-10-30"
400163,50184849,"Bell","Samuel","Sheila Lamb","2021_KBCP_8_MQ_Algebra",2020-10-30,83,"B","2020-08-24 - 2020-10-30"
400163,50632793,"Washington","Demarion","Sheila Lamb","2021_KBCP_8_MQ_Algebra",2020-10-30,73,"C","2020-08-24 - 2020-10-30"
400163,50151065,"Martin","Jamaree","Sheila Lamb","2021_KBCP_8_MQ_Algebra",2020-10-30,69,"D+","2020-08-24 - 2020-10-30"
400163,50173022,"Green","Dawayne","Sheila Lamb","2021_KBCP_8_MQ_Algebra",2020-10-30,90,"A-","2020-08-24 - 2020-10-30"
400163,50193117,"Robinson","Trinity","Sheila Lamb","2021_KBCP_8_MQ_Algebra",2020-10-30,86,"B","2020-08-24 - 2020-10-30"
400163,50126220,"Blackwell","Jacobi","Sheila Lamb","2021_KBCP_8_MQ_Algebra",2020-10-30,86,"B","2020-08-24 - 2020-10-30"
400163,50149009,"Gayden","Kenneth","Sheila Lamb","2021_KBCP_8_MQ_Algebra",2020-10-30,89,"B+","2020-08-24 - 2020-10-30"
400163,50161298,"Hill","James","Sheila Lamb","2021_KBCP_8_MQ_Algebra",2020-10-30,84,"B","2020-08-24 - 2020-10-30"
400163,50161820,"Williams","Glendra-Elyse","Sheila Lamb","2021_KBCP_8_MQ_Algebra",2020-10-30,96,"A","2020-08-24 - 2020-10-30"
400163,50164539,"Dotson","Asia","Sheila Lamb","2021_KBCP_8_MQ_Algebra",2020-10-30,98,"A+","2020-08-24 - 2020-10-30"
400163,50170452,"Taylor","Jordan","Sheila Lamb","2021_KBCP_8_MQ_Algebra",2020-10-30,87,"B+","2020-08-24 - 2020-10-30"
400163,50171661,"Phillips","Nicole","Sheila Lamb","2021_KBCP_8_MQ_Algebra",2020-10-30,88,"B+","2020-08-24 - 2020-10-30"
400163,50190299,"Garrett","De'john","Sheila Lamb","2021_KBCP_8_MQ_Algebra",2020-10-30,71,"C-","2020-08-24 - 2020-10-30"
400163,50195302,"Cutler","Hailee","Sheila Lamb","2021_KBCP_8_MQ_Algebra",2020-10-30,98,"A+","2020-08-24 - 2020-10-30"
400163,50203823,"Nevils","Samyah","Sheila Lamb","2021_KBCP_8_MQ_Algebra",2020-10-30,89,"B+","2020-08-24 - 2020-10-30"
400163,50245808,"Hamilton","Nasir","Sheila Lamb","2021_KBCP_8_MQ_Algebra",2020-10-30,75,"C","2020-08-24 - 2020-10-30"
400163,50249428,"Perez Garcia","Lidia","Sheila Lamb","2021_KBCP_8_MQ_Algebra",2020-10-30,95,"A","2020-08-24 - 2020-10-30"
400163,50291074,"Banks","Micyah","Sheila Lamb","2021_KBCP_8_MQ_Algebra",2020-10-30,92,"A-","2020-08-24 - 2020-10-30"
400163,50292398,"Garrett","Anthony","Sheila Lamb","2021_KBCP_8_MQ_Algebra",2020-10-30,82,"B-","2020-08-24 - 2020-10-30"
400163,50293469,"Carson","Ri'caya","Sheila Lamb","2021_KBCP_8_MQ_Algebra",2020-10-30,91,"A-","2020-08-24 - 2020-10-30"
400163,50296720,"Taylor","Destiny","Sheila Lamb","2021_KBCP_8_MQ_Algebra",2020-10-30,86,"B","2020-08-24 - 2020-10-30"
400163,50403120,"Osabuohien","Enoye","Sheila Lamb","2021_KBCP_8_MQ_Algebra",2020-10-30,98,"A+","2020-08-24 - 2020-10-30"
400163,50431283,"Lofton","Nia","Sheila Lamb","2021_KBCP_8_MQ_Algebra",2020-10-30,88,"B+","2020-08-24 - 2020-10-30"
400163,50191272,"Mitchell","Rashad","Sheila Lamb","2021_KBCP_8_MQ_Algebra",2020-10-30,72,"C-","2020-08-24 - 2020-10-30"
400163,50287967,"Saunders","Erik","Sheila Lamb","2021_KBCP_8_MQ_Algebra",2020-10-30,68,"D+","2020-08-24 - 2020-10-30"
400163,50225488,"Richardson","Dominic","Sheila Lamb","2021_KBCP_8_MQ_Algebra",2020-10-30,95,"A","2020-08-24 - 2020-10-30"
400163,50229519,"Watkins","Frances","Sheila Lamb","2021_KBCP_8_MQ_Algebra",2020-10-30,91,"A-","2020-08-24 - 2020-10-30"
400163,50341275,"Jackson-Walker","Janae","Sheila Lamb","2021_KBCP_8_MQ_Algebra",2020-10-30,81,"B-","2020-08-24 - 2020-10-30"
400163,50170991,"Sankey","Darrialmond","Sheila Lamb","2021_KBCP_8_MQ_Algebra",2020-10-30,88,"B+","2020-08-24 - 2020-10-30"
400163,50302702,"Johnson","Nadia","Sheila Lamb","2021_KBCP_8_MQ_Algebra",2020-10-30,73,"C","2020-08-24 - 2020-10-30"
400163,50157310,"Williams","K'juan","Sheila Lamb","2021_KBCP_8_MQ_Algebra",2020-10-30,85,"B","2020-08-24 - 2020-10-30"
400163,50306715,"Bailey","Christian","Sheila Lamb","2021_KBCP_8_MQ_Algebra",2020-10-30,90,"A-","2020-08-24 - 2020-10-30"
400163,50226706,"Blackmond","Marquail","Katherine Russo","2021_KBCP_8_DL 2_ELA",2020-10-30,51,"F","2020-08-24 - 2020-10-30"
400163,50173550,"Jones","Dominic","Katherine Russo","2021_KBCP_8_DL 2_ELA",2020-10-30,78,"C+","2020-08-24 - 2020-10-30"
400163,50181237,"Beard","Latiana","Katherine Russo","2021_KBCP_8_DL 2_ELA",2020-10-30,98,"A+","2020-08-24 - 2020-10-30"
400163,50184849,"Bell","Samuel","Whitney Abdalla","2021_KBCP_8_DL_ELA1",2020-10-30,94,"A","2020-08-24 - 2020-10-30"
400163,50288933,"Watson","Mona","Whitney Abdalla","2021_KBCP_8_DL_ELA1",2020-10-30,96,"A","2020-08-24 - 2020-10-30"
400163,50411246,"Gist","Dwayne","Whitney Abdalla","2021_KBCP_8_DL_ELA1",2020-10-30,70,"C-","2020-08-24 - 2020-10-30"
400163,50297673,"Oliver","Gregory","Katherine Russo","2021_KBCP_8_DL 2_ELA",2020-10-30,87,"B+","2020-08-24 - 2020-10-30"
400163,50632793,"Washington","Demarion","Whitney Abdalla","2021_KBCP_8_DL_ELA1",2020-10-30,85,"B","2020-08-24 - 2020-10-30"
400163,50232923,"Bowdry","Armani","Katherine Russo","2021_KBCP_8_DL 2_ELA",2020-10-30,65,"D","2020-08-24 - 2020-10-30"
400163,50151065,"Martin","Jamaree","Whitney Abdalla","2021_KBCP_8_DL_ELA1",2020-10-30,76,"C","2020-08-24 - 2020-10-30"
400163,50301217,"Washington","Nehemiah","Whitney Abdalla","2021_KBCP_8_DL_ELA1",2020-10-30,63,"D","2020-08-24 - 2020-10-30"
400163,50068625,"Edwards","Jermil","Katherine Russo","2021_KBCP_8_DL 2_ELA",2020-10-30,86,"B","2020-08-24 - 2020-10-30"
400163,50088302,"Green","Dawan","Whitney Abdalla","2021_KBCP_8_DL_ELA1",2020-10-30,85,"B","2020-08-24 - 2020-10-30"
400163,50173022,"Green","Dawayne","Whitney Abdalla","2021_KBCP_8_DL_ELA1",2020-10-30,100,"A+","2020-08-24 - 2020-10-30"
400163,50225966,"Jackson","Deon","Whitney Abdalla","2021_KBCP_8_DL_ELA1",2020-10-30,83,"B","2020-08-24 - 2020-10-30"
400163,50193117,"Robinson","Trinity","Jacques Edwards","2021_KBCP_8_Marquette_ELA",2020-10-30,85,"B","2020-08-24 - 2020-10-30"
400163,50126220,"Blackwell","Jacobi","Jacques Edwards","2021_KBCP_8_Marquette_ELA",2020-10-30,84,"B","2020-08-24 - 2020-10-30"
400163,50149009,"Gayden","Kenneth","Jacques Edwards","2021_KBCP_8_Marquette_ELA",2020-10-30,90,"A-","2020-08-24 - 2020-10-30"
400163,50161298,"Hill","James","Jacques Edwards","2021_KBCP_8_Marquette_ELA",2020-10-30,83,"B","2020-08-24 - 2020-10-30"
400163,50161820,"Williams","Glendra-Elyse","Jacques Edwards","2021_KBCP_8_Marquette_ELA",2020-10-30,100,"A+","2020-08-24 - 2020-10-30"
400163,50164539,"Dotson","Asia","Jacques Edwards","2021_KBCP_8_Marquette_ELA",2020-10-30,97,"A","2020-08-24 - 2020-10-30"
400163,50170452,"Taylor","Jordan","Jacques Edwards","2021_KBCP_8_Marquette_ELA",2020-10-30,86,"B","2020-08-24 - 2020-10-30"
400163,50171661,"Phillips","Nicole","Jacques Edwards","2021_KBCP_8_Marquette_ELA",2020-10-30,83,"B","2020-08-24 - 2020-10-30"
400163,50190299,"Garrett","De'john","Jacques Edwards","2021_KBCP_8_Marquette_ELA",2020-10-30,71,"C-","2020-08-24 - 2020-10-30"
400163,50195302,"Cutler","Hailee","Jacques Edwards","2021_KBCP_8_Marquette_ELA",2020-10-30,98,"A+","2020-08-24 - 2020-10-30"
400163,50203823,"Nevils","Samyah","Jacques Edwards","2021_KBCP_8_Marquette_ELA",2020-10-30,86,"B","2020-08-24 - 2020-10-30"
400163,50245808,"Hamilton","Nasir","Jacques Edwards","2021_KBCP_8_Marquette_ELA",2020-10-30,67,"D+","2020-08-24 - 2020-10-30"
400163,50249428,"Perez Garcia","Lidia","Jacques Edwards","2021_KBCP_8_Marquette_ELA",2020-10-30,99,"A+","2020-08-24 - 2020-10-30"
400163,50291074,"Banks","Micyah","Jacques Edwards","2021_KBCP_8_Marquette_ELA",2020-10-30,90,"A-","2020-08-24 - 2020-10-30"
400163,50292398,"Garrett","Anthony","Jacques Edwards","2021_KBCP_8_Marquette_ELA",2020-10-30,74,"C","2020-08-24 - 2020-10-30"
400163,50293469,"Carson","Ri'caya","Jacques Edwards","2021_KBCP_8_Marquette_ELA",2020-10-30,96,"A","2020-08-24 - 2020-10-30"
400163,50296720,"Taylor","Destiny","Jacques Edwards","2021_KBCP_8_Marquette_ELA",2020-10-30,90,"A-","2020-08-24 - 2020-10-30"
400163,50403120,"Osabuohien","Enoye","Jacques Edwards","2021_KBCP_8_Marquette_ELA",2020-10-30,99,"A+","2020-08-24 - 2020-10-30"
400163,50431283,"Lofton","Nia","Jacques Edwards","2021_KBCP_8_Marquette_ELA",2020-10-30,94,"A","2020-08-24 - 2020-10-30"
400163,50191272,"Mitchell","Rashad","Jacques Edwards","2021_KBCP_8_Marquette_ELA",2020-10-30,71,"C-","2020-08-24 - 2020-10-30"
400163,50287967,"Saunders","Erik","Jacques Edwards","2021_KBCP_8_Marquette_ELA",2020-10-30,66,"D","2020-08-24 - 2020-10-30"
400163,50225488,"Richardson","Dominic","Jacques Edwards","2021_KBCP_8_Marquette_ELA",2020-10-30,92,"A-","2020-08-24 - 2020-10-30"
400163,50229519,"Watkins","Frances","Jacques Edwards","2021_KBCP_8_Marquette_ELA",2020-10-30,89,"B+","2020-08-24 - 2020-10-30"
400163,50341275,"Jackson-Walker","Janae","Jacques Edwards","2021_KBCP_8_Marquette_ELA",2020-10-30,80,"B-","2020-08-24 - 2020-10-30"
400163,50170991,"Sankey","Darrialmond","Jacques Edwards","2021_KBCP_8_Marquette_ELA",2020-10-30,82,"B-","2020-08-24 - 2020-10-30"
400163,50302702,"Johnson","Nadia","Jacques Edwards","2021_KBCP_8_Marquette_ELA",2020-10-30,76,"C","2020-08-24 - 2020-10-30"
400163,50157310,"Williams","K'juan","Jacques Edwards","2021_KBCP_8_Marquette_ELA",2020-10-30,86,"B","2020-08-24 - 2020-10-30"
400163,50306715,"Bailey","Christian","Jacques Edwards","2021_KBCP_8_Marquette_ELA",2020-10-30,91,"A-","2020-08-24 - 2020-10-30"
400163,50181989,"Stringer","Jackquiess","Katherine Russo","2021_KBCP_8_DL 2_ELA",2020-10-30,86,"B","2020-08-24 - 2020-10-30"
400163,50202449,"Burden","Ekeiva","Jacques Edwards","2021_KBCP_8_Michigan_ELA",2020-10-30,79,"C+","2020-08-24 - 2020-10-30"
400163,50402704,"Trotter","Giovana","Jacques Edwards","2021_KBCP_8_Michigan_ELA",2020-10-30,83,"B","2020-08-24 - 2020-10-30"
400163,50225508,"Davis","Deondrae","Jacques Edwards","2021_KBCP_8_Michigan_ELA",2020-10-30,70,"C-","2020-08-24 - 2020-10-30"
400163,45030105,"Hill","Joshua","Jacques Edwards","2021_KBCP_8_Northwestern_ELA",2020-10-30,80,"B-","2020-08-24 - 2020-10-30"
400163,45639657,"Borden","Shaniya","Jacques Edwards","2021_KBCP_8_Northwestern_ELA",2020-10-30,89,"B+","2020-08-24 - 2020-10-30"
400163,50096824,"Johnson","David","Jacques Edwards","2021_KBCP_8_Northwestern_ELA",2020-10-30,78,"C+","2020-08-24 - 2020-10-30"
400163,50121969,"Ogaldez","Marilyn","Jacques Edwards","2021_KBCP_8_Northwestern_ELA",2020-10-30,94,"A","2020-08-24 - 2020-10-30"
400163,50137104,"McCarthy Jr","David","Jacques Edwards","2021_KBCP_8_Northwestern_ELA",2020-10-30,77,"C+","2020-08-24 - 2020-10-30"
400163,50167428,"McDowell III","Lavince","Jacques Edwards","2021_KBCP_8_Northwestern_ELA",2020-10-30,74,"C","2020-08-24 - 2020-10-30"
400163,50176420,"Jackson","Jameka","Jacques Edwards","2021_KBCP_8_Northwestern_ELA",2020-10-30,97,"A","2020-08-24 - 2020-10-30"
400163,50195519,"Emery","Zacarias","Jacques Edwards","2021_KBCP_8_Northwestern_ELA",2020-10-30,82,"B-","2020-08-24 - 2020-10-30"
400163,50218752,"Reed","Brianna","Jacques Edwards","2021_KBCP_8_Northwestern_ELA",2020-10-30,70,"C-","2020-08-24 - 2020-10-30"
400163,50226073,"Washington","Kwan","Jacques Edwards","2021_KBCP_8_Northwestern_ELA",2020-10-30,79,"C+","2020-08-24 - 2020-10-30"
400163,50238483,"Taylor","Brittany","Jacques Edwards","2021_KBCP_8_Northwestern_ELA",2020-10-30,85,"B","2020-08-24 - 2020-10-30"
400163,50238511,"Parish","Jada","Jacques Edwards","2021_KBCP_8_Northwestern_ELA",2020-10-30,76,"C","2020-08-24 - 2020-10-30"
400163,50261140,"Caldwell","Jamariya","Jacques Edwards","2021_KBCP_8_Northwestern_ELA",2020-10-30,64,"D","2020-08-24 - 2020-10-30"
400163,50287841,"Ogaldez","Carlen","Jacques Edwards","2021_KBCP_8_Northwestern_ELA",2020-10-30,81,"B-","2020-08-24 - 2020-10-30"
400163,50304786,"Beard","Jaymar","Jacques Edwards","2021_KBCP_8_Northwestern_ELA",2020-10-30,94,"A","2020-08-24 - 2020-10-30"
400163,50622833,"Robinson","Jalen","Jacques Edwards","2021_KBCP_8_Northwestern_ELA",2020-10-30,74,"C","2020-08-24 - 2020-10-30"
400163,50185307,"Harris","Shanita","Jacques Edwards","2021_KBCP_8_Northwestern_ELA",2020-10-30,71,"C-","2020-08-24 - 2020-10-30"
400163,50227252,"McCray","Darrious","Jacques Edwards","2021_KBCP_8_Northwestern_ELA",2020-10-30,89,"B+","2020-08-24 - 2020-10-30"
400163,50254791,"Jordan","Taejon","Jacques Edwards","2021_KBCP_8_Northwestern_ELA",2020-10-30,63,"D","2020-08-24 - 2020-10-30"
400163,50259076,"Smith","Deshaun","Jacques Edwards","2021_KBCP_8_Northwestern_ELA",2020-10-30,74,"C","2020-08-24 - 2020-10-30"
400163,50204547,"Fisher","Kimora","Jacques Edwards","2021_KBCP_8_Northwestern_ELA",2020-10-30,93,"A-","2020-08-24 - 2020-10-30"
400163,50226179,"Jarrett Jr.","Jonathan","Jacques Edwards","2021_KBCP_8_Northwestern_ELA",2020-10-30,67,"D+","2020-08-24 - 2020-10-30"
400163,50174676,"Walton","Shamyia","Jacques Edwards","2021_KBCP_8_Northwestern_ELA",2020-10-30,90,"A-","2020-08-24 - 2020-10-30"
400163,45271269,"Toliver Jr.","Deonte","Jacques Edwards","2021_KBCP_8_Northwestern_ELA",2020-10-30,54,"F","2020-08-24 - 2020-10-30"
400163,50098719,"Jones","Kianna","Jacques Edwards","2021_KBCP_8_Michigan_ELA",2020-10-30,81,"B-","2020-08-24 - 2020-10-30"
400163,50099659,"Jackson","Avery","Jacques Edwards","2021_KBCP_8_Michigan_ELA",2020-10-30,93,"A-","2020-08-24 - 2020-10-30"
400163,50180208,"Brassel","Tajuan","Jacques Edwards","2021_KBCP_8_Michigan_ELA",2020-10-30,71,"C-","2020-08-24 - 2020-10-30"
400163,50183031,"Ratliff","Shadaviona","Jacques Edwards","2021_KBCP_8_Michigan_ELA",2020-10-30,70,"C-","2020-08-24 - 2020-10-30"
400163,50189790,"Frazier","Shaiaan","Jacques Edwards","2021_KBCP_8_Michigan_ELA",2020-10-30,73,"C","2020-08-24 - 2020-10-30"
400163,50221407,"Haynes","Jayden","Jacques Edwards","2021_KBCP_8_Michigan_ELA",2020-10-30,71,"C-","2020-08-24 - 2020-10-30"
400163,50238506,"Parish","Jala","Jacques Edwards","2021_KBCP_8_Michigan_ELA",2020-10-30,82,"B-","2020-08-24 - 2020-10-30"
400163,50298870,"Smith","Dantrell","Jacques Edwards","2021_KBCP_8_Michigan_ELA",2020-10-30,74,"C","2020-08-24 - 2020-10-30"
400163,50344103,"Phillips","Dezmond","Jacques Edwards","2021_KBCP_8_Michigan_ELA",2020-10-30,73,"C","2020-08-24 - 2020-10-30"
400163,50149970,"Cowan","Jamal","Jacques Edwards","2021_KBCP_8_Michigan_ELA",2020-10-30,69,"D+","2020-08-24 - 2020-10-30"
400163,50371834,"Kent","Camden","Jacques Edwards","2021_KBCP_8_Michigan_ELA",2020-10-30,55,"F","2020-08-24 - 2020-10-30"
400163,50182503,"Johnson","Jakobe","Jacques Edwards","2021_KBCP_8_Michigan_ELA",2020-10-30,71,"C-","2020-08-24 - 2020-10-30"
400163,50186357,"Woods","Xavier","Jacques Edwards","2021_KBCP_8_Michigan_ELA",2020-10-30,69,"D+","2020-08-24 - 2020-10-30"
400163,50299959,"Simmons","Sky","Jacques Edwards","2021_KBCP_8_Michigan_ELA",2020-10-30,83,"B","2020-08-24 - 2020-10-30"
400163,50169785,"James","Floyd","Jacques Edwards","2021_KBCP_8_Michigan_ELA",2020-10-30,76,"C","2020-08-24 - 2020-10-30"
400163,50220021,"Cummings","Marquez","Jacques Edwards","2021_KBCP_8_Michigan_ELA",2020-10-30,91,"A-","2020-08-24 - 2020-10-30"
400163,50225371,"Moore","Kshawn","Jacques Edwards","2021_KBCP_8_Michigan_ELA",2020-10-30,74,"C","2020-08-24 - 2020-10-30"
400163,50245493,"Blackmond","Jamel","Jacques Edwards","2021_KBCP_8_Michigan_ELA",2020-10-30,65,"D","2020-08-24 - 2020-10-30"
400163,50288541,"Amaro","Brian","Jacques Edwards","2021_KBCP_8_Michigan_ELA",2020-10-30,80,"B-","2020-08-24 - 2020-10-30"
400163,50309640,"Phiffer-Davis","Jamari","Jacques Edwards","2021_KBCP_8_Michigan_ELA",2020-10-30,86,"B","2020-08-24 - 2020-10-30"
400163,50188974,"Allen","Marshone","Jacques Edwards","2021_KBCP_8_Michigan_ELA",2020-10-30,82,"B-","2020-08-24 - 2020-10-30"
400163,50637312,"Franklyn Vincent","Daniel","Jacques Edwards","2021_KBCP_8_Michigan_ELA",2020-10-30,87,"B+","2020-08-24 - 2020-10-30"
400163,60072313,"Pruitt","Jhniya","Jacques Edwards","2021_KBCP_8_Michigan_ELA",2020-10-30,71,"C-","2020-08-24 - 2020-10-30"
400163,50226706,"Blackmond","Marquail","Katherine Russo","2021_KBCP_8_DL 2_Math",2020-10-30,51,"F","2020-08-24 - 2020-10-30"
400163,50173550,"Jones","Dominic","Katherine Russo","2021_KBCP_8_DL 2_Math",2020-10-30,88,"B+","2020-08-24 - 2020-10-30"
400163,50181237,"Beard","Latiana","Katherine Russo","2021_KBCP_8_DL 2_Math",2020-10-30,99,"A+","2020-08-24 - 2020-10-30"
400163,50288933,"Watson","Mona","Whitney Abdalla","2021_KBCP_8_DL_Math1",2020-10-30,94,"A","2020-08-24 - 2020-10-30"
400163,50411246,"Gist","Dwayne","Whitney Abdalla","2021_KBCP_8_DL_Math1",2020-10-30,71,"C-","2020-08-24 - 2020-10-30"
400163,50297673,"Oliver","Gregory","Katherine Russo","2021_KBCP_8_DL 2_Math",2020-10-30,89,"B+","2020-08-24 - 2020-10-30"
400163,50232923,"Bowdry","Armani","Katherine Russo","2021_KBCP_8_DL 2_Math",2020-10-30,69,"D+","2020-08-24 - 2020-10-30"
400163,50301217,"Washington","Nehemiah","Whitney Abdalla","2021_KBCP_8_DL_Math1",2020-10-30,61,"D-","2020-08-24 - 2020-10-30"
400163,50068625,"Edwards","Jermil","Katherine Russo","2021_KBCP_8_DL 2_Math",2020-10-30,75,"C","2020-08-24 - 2020-10-30"
400163,50225966,"Jackson","Deon","Whitney Abdalla","2021_KBCP_8_DL_Math1",2020-10-30,89,"B+","2020-08-24 - 2020-10-30"
400163,50181989,"Stringer","Jackquiess","Katherine Russo","2021_KBCP_8_DL 2_Math",2020-10-30,78,"C+","2020-08-24 - 2020-10-30"
400163,50202449,"Burden","Ekeiva","Whitney Abdalla","2021_KBCP_8_DL_Math1",2020-10-30,90,"A-","2020-08-24 - 2020-10-30"
400163,50402704,"Trotter","Giovana","Whitney Abdalla","2021_KBCP_8_DL_Math1",2020-10-30,98,"A+","2020-08-24 - 2020-10-30"
400163,50225508,"Davis","Deondrae","Whitney Abdalla","2021_KBCP_8_DL_Math1",2020-10-30,80,"B-","2020-08-24 - 2020-10-30"
400163,50226706,"Blackmond","Marquail","Lee Fisher","2021_KBCP_8_MI_PE",2020-10-30,52,"F","2020-08-24 - 2020-10-30"
400163,50173550,"Jones","Dominic","Lee Fisher","2021_KBCP_8_NU_PE",2020-10-30,65,"D","2020-08-24 - 2020-10-30"
400163,50181237,"Beard","Latiana","Lee Fisher","2021_KBCP_8_NU_PE",2020-10-30,93,"A-","2020-08-24 - 2020-10-30"
400163,50184849,"Bell","Samuel","Lee Fisher","2021_KBCP_8_MQ_PE",2020-10-30,82,"B-","2020-08-24 - 2020-10-30"
400163,50288933,"Watson","Mona","Lee Fisher","2021_KBCP_8_NU_PE",2020-10-30,80,"B-","2020-08-24 - 2020-10-30"
400163,50411246,"Gist","Dwayne","Lee Fisher","2021_KBCP_8_MI_PE",2020-10-30,61,"D-","2020-08-24 - 2020-10-30"
400163,50297673,"Oliver","Gregory","Lee Fisher","2021_KBCP_8_NU_PE",2020-10-30,71,"C-","2020-08-24 - 2020-10-30"
400163,50632793,"Washington","Demarion","Lee Fisher","2021_KBCP_8_MQ_PE",2020-10-30,82,"B-","2020-08-24 - 2020-10-30"
400163,50232923,"Bowdry","Armani","Lee Fisher","2021_KBCP_8_NU_PE",2020-10-30,55,"F","2020-08-24 - 2020-10-30"
400163,50151065,"Martin","Jamaree","Lee Fisher","2021_KBCP_8_MQ_PE",2020-10-30,62,"D-","2020-08-24 - 2020-10-30"
400163,50301217,"Washington","Nehemiah","Lee Fisher","2021_KBCP_8_MI_PE",2020-10-30,57,"F","2020-08-24 - 2020-10-30"
400163,50068625,"Edwards","Jermil","Lee Fisher","2021_KBCP_8_NU_PE",2020-10-30,59,"F","2020-08-24 - 2020-10-30"
400163,50088302,"Green","Dawan","Lee Fisher","2021_KBCP_8_MI_PE",2020-10-30,73,"C","2020-08-24 - 2020-10-30"
400163,50173022,"Green","Dawayne","Lee Fisher","2021_KBCP_8_MQ_PE",2020-10-30,80,"B-","2020-08-24 - 2020-10-30"
400163,50225966,"Jackson","Deon","Lee Fisher","2021_KBCP_8_MI_PE",2020-10-30,71,"C-","2020-08-24 - 2020-10-30"
400163,50193117,"Robinson","Trinity","Lee Fisher","2021_KBCP_8_MQ_PE",2020-10-30,87,"B+","2020-08-24 - 2020-10-30"
400163,50126220,"Blackwell","Jacobi","Lee Fisher","2021_KBCP_8_MQ_PE",2020-10-30,82,"B-","2020-08-24 - 2020-10-30"
400163,50149009,"Gayden","Kenneth","Lee Fisher","2021_KBCP_8_MQ_PE",2020-10-30,85,"B","2020-08-24 - 2020-10-30"
400163,50161298,"Hill","James","Lee Fisher","2021_KBCP_8_MQ_PE",2020-10-30,83,"B","2020-08-24 - 2020-10-30"
400163,50161820,"Williams","Glendra-Elyse","Lee Fisher","2021_KBCP_8_MQ_PE",2020-10-30,97,"A","2020-08-24 - 2020-10-30"
400163,50164539,"Dotson","Asia","Lee Fisher","2021_KBCP_8_MQ_PE",2020-10-30,96,"A","2020-08-24 - 2020-10-30"
400163,50170452,"Taylor","Jordan","Lee Fisher","2021_KBCP_8_MQ_PE",2020-10-30,81,"B-","2020-08-24 - 2020-10-30"
400163,50171661,"Phillips","Nicole","Lee Fisher","2021_KBCP_8_MQ_PE",2020-10-30,90,"A-","2020-08-24 - 2020-10-30"
400163,50190299,"Garrett","De'john","Lee Fisher","2021_KBCP_8_MQ_PE",2020-10-30,78,"C+","2020-08-24 - 2020-10-30"
400163,50195302,"Cutler","Hailee","Lee Fisher","2021_KBCP_8_MQ_PE",2020-10-30,91,"A-","2020-08-24 - 2020-10-30"
400163,50203823,"Nevils","Samyah","Lee Fisher","2021_KBCP_8_MQ_PE",2020-10-30,92,"A-","2020-08-24 - 2020-10-30"
400163,50245808,"Hamilton","Nasir","Lee Fisher","2021_KBCP_8_MQ_PE",2020-10-30,70,"C-","2020-08-24 - 2020-10-30"
400163,50249428,"Perez Garcia","Lidia","Lee Fisher","2021_KBCP_8_MQ_PE",2020-10-30,99,"A+","2020-08-24 - 2020-10-30"
400163,50291074,"Banks","Micyah","Lee Fisher","2021_KBCP_8_MQ_PE",2020-10-30,96,"A","2020-08-24 - 2020-10-30"
400163,50292398,"Garrett","Anthony","Lee Fisher","2021_KBCP_8_MQ_PE",2020-10-30,81,"B-","2020-08-24 - 2020-10-30"
400163,50293469,"Carson","Ri'caya","Lee Fisher","2021_KBCP_8_MQ_PE",2020-10-30,98,"A+","2020-08-24 - 2020-10-30"
400163,50296720,"Taylor","Destiny","Lee Fisher","2021_KBCP_8_MQ_PE",2020-10-30,83,"B","2020-08-24 - 2020-10-30"
400163,50403120,"Osabuohien","Enoye","Lee Fisher","2021_KBCP_8_MQ_PE",2020-10-30,96,"A","2020-08-24 - 2020-10-30"
400163,50431283,"Lofton","Nia","Lee Fisher","2021_KBCP_8_MQ_PE",2020-10-30,86,"B","2020-08-24 - 2020-10-30"
400163,50191272,"Mitchell","Rashad","Lee Fisher","2021_KBCP_8_MQ_PE",2020-10-30,78,"C+","2020-08-24 - 2020-10-30"
400163,50287967,"Saunders","Erik","Lee Fisher","2021_KBCP_8_MQ_PE",2020-10-30,74,"C","2020-08-24 - 2020-10-30"
400163,50225488,"Richardson","Dominic","Lee Fisher","2021_KBCP_8_MQ_PE",2020-10-30,87,"B+","2020-08-24 - 2020-10-30"
400163,50229519,"Watkins","Frances","Lee Fisher","2021_KBCP_8_MQ_PE",2020-10-30,87,"B+","2020-08-24 - 2020-10-30"
400163,50341275,"Jackson-Walker","Janae","Lee Fisher","2021_KBCP_8_MQ_PE",2020-10-30,81,"B-","2020-08-24 - 2020-10-30"
400163,50170991,"Sankey","Darrialmond","Lee Fisher","2021_KBCP_8_MQ_PE",2020-10-30,85,"B","2020-08-24 - 2020-10-30"
400163,50302702,"Johnson","Nadia","Lee Fisher","2021_KBCP_8_MQ_PE",2020-10-30,85,"B","2020-08-24 - 2020-10-30"
400163,50157310,"Williams","K'juan","Lee Fisher","2021_KBCP_8_MQ_PE",2020-10-30,82,"B-","2020-08-24 - 2020-10-30"
400163,50306715,"Bailey","Christian","Lee Fisher","2021_KBCP_8_MQ_PE",2020-10-30,90,"A-","2020-08-24 - 2020-10-30"
400163,50181989,"Stringer","Jackquiess","Lee Fisher","2021_KBCP_8_NU_PE",2020-10-30,70,"C-","2020-08-24 - 2020-10-30"
400163,50202449,"Burden","Ekeiva","Lee Fisher","2021_KBCP_8_MI_PE",2020-10-30,81,"B-","2020-08-24 - 2020-10-30"
400163,50402704,"Trotter","Giovana","Lee Fisher","2021_KBCP_8_MI_PE",2020-10-30,79,"C+","2020-08-24 - 2020-10-30"
400163,50225508,"Davis","Deondrae","Lee Fisher","2021_KBCP_8_MI_PE",2020-10-30,70,"C-","2020-08-24 - 2020-10-30"
400163,45030105,"Hill","Joshua","Lee Fisher","2021_KBCP_8_NU_PE",2020-10-30,74,"C","2020-08-24 - 2020-10-30"
400163,45639657,"Borden","Shaniya","Lee Fisher","2021_KBCP_8_NU_PE",2020-10-30,80,"B-","2020-08-24 - 2020-10-30"
400163,50096824,"Johnson","David","Lee Fisher","2021_KBCP_8_NU_PE",2020-10-30,77,"C+","2020-08-24 - 2020-10-30"
400163,50121969,"Ogaldez","Marilyn","Lee Fisher","2021_KBCP_8_NU_PE",2020-10-30,83,"B","2020-08-24 - 2020-10-30"
400163,50137104,"McCarthy Jr","David","Lee Fisher","2021_KBCP_8_NU_PE",2020-10-30,83,"B","2020-08-24 - 2020-10-30"
400163,50167428,"McDowell III","Lavince","Lee Fisher","2021_KBCP_8_NU_PE",2020-10-30,73,"C","2020-08-24 - 2020-10-30"
400163,50176420,"Jackson","Jameka","Lee Fisher","2021_KBCP_8_NU_PE",2020-10-30,89,"B+","2020-08-24 - 2020-10-30"
400163,50195519,"Emery","Zacarias","Lee Fisher","2021_KBCP_8_NU_PE",2020-10-30,86,"B","2020-08-24 - 2020-10-30"
400163,50218752,"Reed","Brianna","Lee Fisher","2021_KBCP_8_NU_PE",2020-10-30,71,"C-","2020-08-24 - 2020-10-30"
400163,50226073,"Washington","Kwan","Lee Fisher","2021_KBCP_8_NU_PE",2020-10-30,83,"B","2020-08-24 - 2020-10-30"
400163,50238483,"Taylor","Brittany","Lee Fisher","2021_KBCP_8_NU_PE",2020-10-30,75,"C","2020-08-24 - 2020-10-30"
400163,50238511,"Parish","Jada","Lee Fisher","2021_KBCP_8_NU_PE",2020-10-30,85,"B","2020-08-24 - 2020-10-30"
400163,50261140,"Caldwell","Jamariya","Lee Fisher","2021_KBCP_8_NU_PE",2020-10-30,70,"C-","2020-08-24 - 2020-10-30"
400163,50287841,"Ogaldez","Carlen","Lee Fisher","2021_KBCP_8_NU_PE",2020-10-30,69,"D+","2020-08-24 - 2020-10-30"
400163,50304786,"Beard","Jaymar","Lee Fisher","2021_KBCP_8_NU_PE",2020-10-30,90,"A-","2020-08-24 - 2020-10-30"
400163,50622833,"Robinson","Jalen","Lee Fisher","2021_KBCP_8_NU_PE",2020-10-30,73,"C","2020-08-24 - 2020-10-30"
400163,50185307,"Harris","Shanita","Lee Fisher","2021_KBCP_8_NU_PE",2020-10-30,74,"C","2020-08-24 - 2020-10-30"
400163,50227252,"McCray","Darrious","Lee Fisher","2021_KBCP_8_NU_PE",2020-10-30,89,"B+","2020-08-24 - 2020-10-30"
400163,50254791,"Jordan","Taejon","Lee Fisher","2021_KBCP_8_NU_PE",2020-10-30,80,"B-","2020-08-24 - 2020-10-30"
400163,50259076,"Smith","Deshaun","Lee Fisher","2021_KBCP_8_NU_PE",2020-10-30,66,"D","2020-08-24 - 2020-10-30"
400163,50204547,"Fisher","Kimora","Lee Fisher","2021_KBCP_8_NU_PE",2020-10-30,89,"B+","2020-08-24 - 2020-10-30"
400163,50226179,"Jarrett Jr.","Jonathan","Lee Fisher","2021_KBCP_8_NU_PE",2020-10-30,70,"C-","2020-08-24 - 2020-10-30"
400163,50174676,"Walton","Shamyia","Lee Fisher","2021_KBCP_8_NU_PE",2020-10-30,93,"A-","2020-08-24 - 2020-10-30"
400163,45271269,"Toliver Jr.","Deonte","Lee Fisher","2021_KBCP_8_NU_PE",2020-10-30,62,"D-","2020-08-24 - 2020-10-30"
400163,50098719,"Jones","Kianna","Lee Fisher","2021_KBCP_8_MI_PE",2020-10-30,82,"B-","2020-08-24 - 2020-10-30"
400163,50099659,"Jackson","Avery","Lee Fisher","2021_KBCP_8_MI_PE",2020-10-30,91,"A-","2020-08-24 - 2020-10-30"
400163,50180208,"Brassel","Tajuan","Lee Fisher","2021_KBCP_8_MI_PE",2020-10-30,69,"D+","2020-08-24 - 2020-10-30"
400163,50183031,"Ratliff","Shadaviona","Lee Fisher","2021_KBCP_8_MI_PE",2020-10-30,80,"B-","2020-08-24 - 2020-10-30"
400163,50189790,"Frazier","Shaiaan","Lee Fisher","2021_KBCP_8_MI_PE",2020-10-30,74,"C","2020-08-24 - 2020-10-30"
400163,50221407,"Haynes","Jayden","Lee Fisher","2021_KBCP_8_MI_PE",2020-10-30,76,"C","2020-08-24 - 2020-10-30"
400163,50238506,"Parish","Jala","Lee Fisher","2021_KBCP_8_MI_PE",2020-10-30,83,"B","2020-08-24 - 2020-10-30"
400163,50298870,"Smith","Dantrell","Lee Fisher","2021_KBCP_8_MI_PE",2020-10-30,80,"B-","2020-08-24 - 2020-10-30"
400163,50344103,"Phillips","Dezmond","Lee Fisher","2021_KBCP_8_MI_PE",2020-10-30,77,"C+","2020-08-24 - 2020-10-30"
400163,50149970,"Cowan","Jamal","Lee Fisher","2021_KBCP_8_MI_PE",2020-10-30,69,"D+","2020-08-24 - 2020-10-30"
400163,50371834,"Kent","Camden","Lee Fisher","2021_KBCP_8_MI_PE",2020-10-30,62,"D-","2020-08-24 - 2020-10-30"
400163,50182503,"Johnson","Jakobe","Lee Fisher","2021_KBCP_8_MI_PE",2020-10-30,80,"B-","2020-08-24 - 2020-10-30"
400163,50186357,"Woods","Xavier","Lee Fisher","2021_KBCP_8_MI_PE",2020-10-30,72,"C-","2020-08-24 - 2020-10-30"
400163,50299959,"Simmons","Sky","Lee Fisher","2021_KBCP_8_MI_PE",2020-10-30,85,"B","2020-08-24 - 2020-10-30"
400163,50169785,"James","Floyd","Lee Fisher","2021_KBCP_8_MI_PE",2020-10-30,80,"B-","2020-08-24 - 2020-10-30"
400163,50220021,"Cummings","Marquez","Lee Fisher","2021_KBCP_8_MI_PE",2020-10-30,97,"A","2020-08-24 - 2020-10-30"
400163,50225371,"Moore","Kshawn","Lee Fisher","2021_KBCP_8_MI_PE",2020-10-30,84,"B","2020-08-24 - 2020-10-30"
400163,50245493,"Blackmond","Jamel","Lee Fisher","2021_KBCP_8_MI_PE",2020-10-30,64,"D","2020-08-24 - 2020-10-30"
400163,50288541,"Amaro","Brian","Lee Fisher","2021_KBCP_8_MI_PE",2020-10-30,86,"B","2020-08-24 - 2020-10-30"
400163,50309640,"Phiffer-Davis","Jamari","Lee Fisher","2021_KBCP_8_MI_PE",2020-10-30,87,"B+","2020-08-24 - 2020-10-30"
400163,50188974,"Allen","Marshone","Lee Fisher","2021_KBCP_8_MI_PE",2020-10-30,70,"C-","2020-08-24 - 2020-10-30"
400163,50637312,"Franklyn Vincent","Daniel","Lee Fisher","2021_KBCP_8_MI_PE",2020-10-30,88,"B+","2020-08-24 - 2020-10-30"
400163,60072313,"Pruitt","Jhniya","Lee Fisher","2021_KBCP_8_MI_PE",2020-10-30,78,"C+","2020-08-24 - 2020-10-30"
