"site_id","Student ID","last_name","first_name","teacher_full_name","GradeBook","score_last_updated","Percentage","Mark","grading_period"
400146,50237973,"Horton","Dream","Andrew Saturno","2021_KAC_5_SC_ELA",2020-10-30,62,"D-","2020-08-24 - 2020-10-30"
400146,50462324,"Walker","Ty'Aja","Andrew Saturno","2021_KAC_5_SC_ELA",2020-10-30,87,"B+","2020-08-24 - 2020-10-30"
400146,50312788,"Beard","Amari","Andrew Saturno","2021_KAC_5_SC_ELA",2020-10-30,77,"C+","2020-08-24 - 2020-10-30"
400146,50415311,"Hunter","Aveion","Andrew Saturno","2021_KAC_5_SC_ELA",2020-10-30,63,"D","2020-08-24 - 2020-10-30"
400146,50472731,"Smith","Jeremiah","Andrew Saturno","2021_KAC_5_SC_ELA",2020-10-30,75,"B","2020-08-24 - 2020-10-30"
400146,50267379,"Smith","Jeremiah","Andrew Saturno","2021_KAC_5_SC_ELA",2020-10-30,75,"B","2020-08-24 - 2020-10-30"
400146,50318623,"Smith","Czarray","Andrew Saturno","2021_KAC_5_SC_ELA",2020-10-30,84,"B","2020-08-24 - 2020-10-30"
400146,50506685,"Adams","Antonio","Andrew Saturno","2021_KAC_5_SC_ELA",2020-10-30,86,"B","2020-08-24 - 2020-10-30"
400146,50329698,"Greenwood","Elijah","Andrew Saturno","2021_KAC_5_SC_ELA",2020-10-30,80,"B","2020-08-24 - 2020-10-30"
400146,50370047,"Harris","Taniyah","Brian Townsend","2021_KAC_5_DU_Literacy",2020-10-30,70,"C-","2020-08-24 - 2020-10-30"
400146,50371033,"Gayles","Trayvone","Brian Townsend","2021_KAC_5_DU_Literacy",2020-10-30,70,"C-","2020-08-24 - 2020-10-30"
400146,50274989,"Hopkins","Kyren","Brian Townsend","2021_KAC_5_DU_Literacy",2020-10-30,71,"C-","2020-08-24 - 2020-10-30"
400146,50312875,"Smith","Jasmine","Brian Townsend","2021_KAC_5_DU_Literacy",2020-10-30,62,"D-","2020-08-24 - 2020-10-30"
400146,50341832,"Adams","Jameil","Brian Townsend","2021_KAC_5_DU_Literacy",2020-10-30,70,"C-","2020-08-24 - 2020-10-30"
400146,50356098,"Williams","Antoine","Brian Townsend","2021_KAC_5_DU_Literacy",2020-10-30,80,"B-","2020-08-24 - 2020-10-30"
400146,50356758,"Cunningham","Pedroniya","Brian Townsend","2021_KAC_5_DU_Literacy",2020-10-30,83,"B","2020-08-24 - 2020-10-30"
400146,50364258,"Carter","Keshawn","Brian Townsend","2021_KAC_5_DU_Literacy",2020-10-30,80,"B-","2020-08-24 - 2020-10-30"
400146,50400652,"Ross","Tajanae","Brian Townsend","2021_KAC_5_DU_Literacy",2020-10-30,82,"B-","2020-08-24 - 2020-10-30"
400146,50415384,"Harris","Malachi","Brian Townsend","2021_KAC_5_DU_Literacy",2020-10-30,67,"D+","2020-08-24 - 2020-10-30"
400146,50415916,"Golden","Miair","Brian Townsend","2021_KAC_5_DU_Literacy",2020-10-30,66,"D","2020-08-24 - 2020-10-30"
400146,50424986,"Mobley","Shyla","Brian Townsend","2021_KAC_5_DU_Literacy",2020-10-30,62,"D-","2020-08-24 - 2020-10-30"
400146,50487215,"Thomas","Deonte","Brian Townsend","2021_KAC_5_DU_Literacy",2020-10-30,77,"C+","2020-08-24 - 2020-10-30"
400146,50367133,"Jordan","Micheal","Brian Townsend","2021_KAC_5_DU_Literacy",2020-10-30,70,"C-","2020-08-24 - 2020-10-30"
400146,50413291,"Goodwin","Emily","Brian Townsend","2021_KAC_5_DU_Literacy",2020-10-30,66,"D","2020-08-24 - 2020-10-30"
400146,60030795,"Carter","Desiray","Brian Townsend","2021_KAC_5_DU_Literacy",2020-10-30,87,"B+","2020-08-24 - 2020-10-30"
400146,50150805,"Townsel","Jeremiah","Brian Townsend","2021_KAC_5_DU_Literacy",2020-10-30,58,"F","2020-08-24 - 2020-10-30"
400146,50397174,"McFadden","Jackson","Brian Townsend","2021_KAC_5_DU_Literacy",2020-10-30,91,"A-","2020-08-24 - 2020-10-30"
400146,50720877,"Griffin","Keon","Brian Townsend","2021_KAC_5_DU_Literacy",2020-10-30,67,"D+","2020-08-24 - 2020-10-30"
400146,50492157,"Robinson","Trevell","Brian Townsend","2021_KAC_5_DU_Literacy",2020-10-30,80,"B-","2020-08-24 - 2020-10-30"
400146,50333756,"Murff","Raniesha","Brian Townsend","2021_KAC_5_DU_Literacy",2020-10-30,82,"B-","2020-08-24 - 2020-10-30"
400146,50348649,"Baptist","Lishauna","Brian Townsend","2021_KAC_5_DU_Literacy",2020-10-30,61,"D-","2020-08-24 - 2020-10-30"
400146,50351495,"Bryant","Mohaganee","Brian Townsend","2021_KAC_5_DU_Literacy",2020-10-30,75,"C","2020-08-24 - 2020-10-30"
400146,50345414,"Franklin","Ibreanna","Brian Townsend","2021_KAC_5_DU_Literacy",2020-10-30,74,"C","2020-08-24 - 2020-10-30"
400146,60084505,"Murden","S-Mya","Brian Townsend","2021_KAC_5_DU_Literacy",2020-10-30,90,"A-","2020-08-24 - 2020-10-30"
400146,50391990,"Dillon","Ka'mora","Brian Townsend","2021_KAC_5_DU_Literacy",2020-10-30,91,"A-","2020-08-24 - 2020-10-30"
400146,50410758,"Trice","Sammy","Brian Townsend","2021_KAC_5_DU_Literacy",2020-10-30,54,"F","2020-08-24 - 2020-10-30"
400146,50465017,"Gardner","Raquel","Brian Townsend","2021_KAC_5_UM_Literacy",2020-10-30,62,"D-","2020-08-24 - 2020-10-30"
400146,50237973,"Horton","Dream","Brian Townsend","2021_KAC_5_UM_Literacy",2020-10-30,58,"F","2020-08-24 - 2020-10-30"
400146,50608197,"Motley","Makayla","Brian Townsend","2021_KAC_5_UM_Literacy",2020-10-30,70,"C-","2020-08-24 - 2020-10-30"
400146,50340611,"Alexander","Darrick","Brian Townsend","2021_KAC_5_UM_Literacy",2020-10-30,60,"D-","2020-08-24 - 2020-10-30"
400146,50345838,"Mark","Zayden","Brian Townsend","2021_KAC_5_UM_Literacy",2020-10-30,59,"F","2020-08-24 - 2020-10-30"
400146,50350404,"Ross","Brandon","Brian Townsend","2021_KAC_5_UM_Literacy",2020-10-30,76,"C","2020-08-24 - 2020-10-30"
400146,50350918,"Ceballos","Sophia","Brian Townsend","2021_KAC_5_UM_Literacy",2020-10-30,61,"D-","2020-08-24 - 2020-10-30"
400146,50352491,"Minor","Tyra","Brian Townsend","2021_KAC_5_UM_Literacy",2020-10-30,77,"C+","2020-08-24 - 2020-10-30"
400146,50383602,"Flowers","Amari","Brian Townsend","2021_KAC_5_UM_Literacy",2020-10-30,85,"B","2020-08-24 - 2020-10-30"
400146,50406689,"Johnson II","Darius","Brian Townsend","2021_KAC_5_UM_Literacy",2020-10-30,63,"D","2020-08-24 - 2020-10-30"
400146,50466597,"Coleman Jr","Nicholas","Brian Townsend","2021_KAC_5_UM_Literacy",2020-10-30,78,"C+","2020-08-24 - 2020-10-30"
400146,50482881,"Cossom","Shamarrie","Brian Townsend","2021_KAC_5_UM_Literacy",2020-10-30,70,"C-","2020-08-24 - 2020-10-30"
400146,60029246,"Lowery","Mikacire","Brian Townsend","2021_KAC_5_UM_Literacy",2020-10-30,88,"B+","2020-08-24 - 2020-10-30"
400146,50336128,"Freeman","Paris","Brian Townsend","2021_KAC_5_UM_Literacy",2020-10-30,75,"C","2020-08-24 - 2020-10-30"
400146,50441052,"Harris","Carl","Brian Townsend","2021_KAC_5_UM_Literacy",2020-10-30,58,"F","2020-08-24 - 2020-10-30"
400146,50554245,"Smith","Raymond","Brian Townsend","2021_KAC_5_UM_Literacy",2020-10-30,70,"C-","2020-08-24 - 2020-10-30"
400146,50351479,"Bryant","Mohawnn","Brian Townsend","2021_KAC_5_UM_Literacy",2020-10-30,71,"C-","2020-08-24 - 2020-10-30"
400146,50360523,"Carter","Kanijah","Brian Townsend","2021_KAC_5_UM_Literacy",2020-10-30,54,"F","2020-08-24 - 2020-10-30"
400146,50413008,"Porchman","Kamarion","Brian Townsend","2021_KAC_5_UM_Literacy",2020-10-30,61,"D-","2020-08-24 - 2020-10-30"
400146,50344687,"Prince","Caleb","Brian Townsend","2021_KAC_5_UM_Literacy",2020-10-30,60,"D-","2020-08-24 - 2020-10-30"
400146,50414533,"Laws","Earl","Brian Townsend","2021_KAC_5_UM_Literacy",2020-10-30,75,"C","2020-08-24 - 2020-10-30"
400146,50317172,"Johnson","Hailey","Brian Townsend","2021_KAC_5_MC_Literacy",2020-10-30,85,"B","2020-08-24 - 2020-10-30"
400146,50295686,"Adams","Keon","Brian Townsend","2021_KAC_5_MC_Literacy",2020-10-30,61,"D-","2020-08-24 - 2020-10-30"
400146,50203904,"Berry","Ronald","Brian Townsend","2021_KAC_5_MC_Literacy",2020-10-30,80,"B-","2020-08-24 - 2020-10-30"
400146,50209229,"Keefer","Jaydah","Brian Townsend","2021_KAC_5_MC_Literacy",2020-10-30,93,"A-","2020-08-24 - 2020-10-30"
400146,50304493,"Binion","Tabitha","Brian Townsend","2021_KAC_5_MC_Literacy",2020-10-30,98,"A+","2020-08-24 - 2020-10-30"
400146,50309920,"Branch","Javion","Brian Townsend","2021_KAC_5_MC_Literacy",2020-10-30,70,"C-","2020-08-24 - 2020-10-30"
400146,50344400,"Patten","Douglas","Brian Townsend","2021_KAC_5_MC_Literacy",2020-10-30,60,"D-","2020-08-24 - 2020-10-30"
400146,50354354,"Watkins","London","Brian Townsend","2021_KAC_5_MC_Literacy",2020-10-30,80,"B-","2020-08-24 - 2020-10-30"
400146,50354476,"Payton","Amarri","Brian Townsend","2021_KAC_5_MC_Literacy",2020-10-30,61,"D-","2020-08-24 - 2020-10-30"
400146,50361471,"Taylor","Taresha","Brian Townsend","2021_KAC_5_MC_Literacy",2020-10-30,80,"B-","2020-08-24 - 2020-10-30"
400146,50364285,"Bellamy Jr.","Lerenzo","Brian Townsend","2021_KAC_5_MC_Literacy",2020-10-30,98,"A+","2020-08-24 - 2020-10-30"
400146,50404425,"Hunter","Skyler","Brian Townsend","2021_KAC_5_MC_Literacy",2020-10-30,90,"A-","2020-08-24 - 2020-10-30"
400146,50409966,"Garrett","Ahking","Brian Townsend","2021_KAC_5_MC_Literacy",2020-10-30,63,"D","2020-08-24 - 2020-10-30"
400146,50412276,"White","Dominique","Brian Townsend","2021_KAC_5_MC_Literacy",2020-10-30,58,"F","2020-08-24 - 2020-10-30"
400146,50416850,"Henderson","Tri'maya","Brian Townsend","2021_KAC_5_MC_Literacy",2020-10-30,65,"D","2020-08-24 - 2020-10-30"
400146,50460128,"Purkett","Sophiarose","Brian Townsend","2021_KAC_5_MC_Literacy",2020-10-30,87,"B+","2020-08-24 - 2020-10-30"
400146,50461116,"Griffin","Aiyanna","Brian Townsend","2021_KAC_5_MC_Literacy",2020-10-30,63,"D","2020-08-24 - 2020-10-30"
400146,50493784,"Bragg","Demarion","Brian Townsend","2021_KAC_5_MC_Literacy",2020-10-30,84,"B","2020-08-24 - 2020-10-30"
400146,50499616,"Soto","Johnathan","Brian Townsend","2021_KAC_5_MC_Literacy",2020-10-30,83,"B","2020-08-24 - 2020-10-30"
400146,50545944,"Lemon","Aarianna","Brian Townsend","2021_KAC_5_MC_Literacy",2020-10-30,86,"B","2020-08-24 - 2020-10-30"
400146,50384518,"Briscoe","Arries","Brian Townsend","2021_KAC_5_MC_Literacy",2020-10-30,63,"D","2020-08-24 - 2020-10-30"
400146,50463438,"Ward","Jalen","Brian Townsend","2021_KAC_5_MC_Literacy",2020-10-30,86,"B","2020-08-24 - 2020-10-30"
400146,60038111,"Fields","Deshauwn","Brian Townsend","2021_KAC_5_MC_Literacy",2020-10-30,73,"C","2020-08-24 - 2020-10-30"
400146,50551500,"Porter","Jelani","Brian Townsend","2021_KAC_5_MC_Literacy",2020-10-30,93,"A-","2020-08-24 - 2020-10-30"
400146,50334346,"Tiggs","Jaden","Brian Townsend","2021_KAC_5_MC_Literacy",2020-10-30,52,"F","2020-08-24 - 2020-10-30"
400146,60082441,"Tims","Chelsea","Brian Townsend","2021_KAC_5_MC_Literacy",2020-10-30,94,"A","2020-08-24 - 2020-10-30"
400146,60082970,"Shenaurlt","Riley","Brian Townsend","2021_KAC_5_MC_Literacy",2020-10-30,94,"A","2020-08-24 - 2020-10-30"
400146,60082987,"Harris","Janiyahamari","Brian Townsend","2021_KAC_5_MC_Literacy",2020-10-30,73,"C","2020-08-24 - 2020-10-30"
400146,50462324,"Walker","Ty'Aja","Brian Townsend","2021_KAC_5_UM_Literacy",2020-10-30,91,"A-","2020-08-24 - 2020-10-30"
400146,50312788,"Beard","Amari","Brian Townsend","2021_KAC_5_UM_Literacy",2020-10-30,80,"B-","2020-08-24 - 2020-10-30"
400146,50415311,"Hunter","Aveion","Brian Townsend","2021_KAC_5_UM_Literacy",2020-10-30,66,"D","2020-08-24 - 2020-10-30"
400146,50472731,"Smith","Jeremiah","Brian Townsend","2021_KAC_5_UM_Literacy",2020-10-30,80,"B","2020-08-24 - 2020-10-30"
400146,50267379,"Smith","Jeremiah","Brian Townsend","2021_KAC_5_UM_Literacy",2020-10-30,62,"D","2020-08-24 - 2020-10-30"
400146,50318623,"Smith","Czarray","Brian Townsend","2021_KAC_5_UM_Literacy",2020-10-30,72,"B","2020-08-24 - 2020-10-30"
400146,50506685,"Adams","Antonio","Brian Townsend","2021_KAC_5_UM_Literacy",2020-10-30,74,"C","2020-08-24 - 2020-10-30"
400146,50329698,"Greenwood","Elijah","Brian Townsend","2021_KAC_5_UM_Literacy",2020-10-30,62,"C","2020-08-24 - 2020-10-30"
400146,50237973,"Horton","Dream","Andrew Saturno","2021_KAC_5_SC_Math",2020-10-30,63,"D","2020-08-24 - 2020-10-30"
400146,50462324,"Walker","Ty'Aja","Andrew Saturno","2021_KAC_5_SC_Math",2020-10-30,85,"B","2020-08-24 - 2020-10-30"
400146,50312788,"Beard","Amari","Andrew Saturno","2021_KAC_5_SC_Math",2020-10-30,83,"B","2020-08-24 - 2020-10-30"
400146,50415311,"Hunter","Aveion","Andrew Saturno","2021_KAC_5_SC_Math",2020-10-30,61,"D","2020-08-24 - 2020-10-30"
400146,50472731,"Smith","Jeremiah","Andrew Saturno","2021_KAC_5_SC_Math",2020-10-30,72,"C","2020-08-24 - 2020-10-30"
400146,50267379,"Smith","Jeremiah","Andrew Saturno","2021_KAC_5_SC_Math",2020-10-30,70,"C-","2020-08-24 - 2020-10-30"
400146,50318623,"Smith","Czarray","Andrew Saturno","2021_KAC_5_SC_Math",2020-10-30,90,"A","2020-08-24 - 2020-10-30"
400146,50506685,"Adams","Antonio","Andrew Saturno","2021_KAC_5_SC_Math",2020-10-30,86,"B","2020-08-24 - 2020-10-30"
400146,50329698,"Greenwood","Elijah","Andrew Saturno","2021_KAC_5_SC_Math",2020-10-30,70,"B","2020-08-24 - 2020-10-30"
400146,50371374,"Sims","Darrell","Frank Ray","2021_KAC_6_SC_ELA",2020-10-30,99,"A+","2020-08-24 - 2020-10-30"
400146,50719655,"Crew","Tristian","Frank Ray","2021_KAC_6_SC_ELA",2020-10-30,84,"B","2020-08-24 - 2020-10-30"
400146,50273458,"Bellamy","Luke","Frank Ray","2021_KAC_6_SC_ELA",2020-10-30,90,"A-","2020-08-24 - 2020-10-30"
400146,50349575,"Sullivan","Trinity","Frank Ray","2021_KAC_6_SC_ELA",2020-10-30,98,"A+","2020-08-24 - 2020-10-30"
400146,50396218,"Patterson","Daneisha","Frank Ray","2021_KAC_6_SC_ELA",2020-10-30,99,"A+","2020-08-24 - 2020-10-30"
400146,60020718,"Carey","Ethan","Frank Ray","2021_KAC_6_SC_ELA",2020-10-30,91,"A-","2020-08-24 - 2020-10-30"
400146,50495242,"Smith","Robert","Frank Ray","2021_KAC_6_SC_ELA",2020-10-30,93,"A-","2020-08-24 - 2020-10-30"
400146,50354958,"Anderson","Tirnell","Frank Ray","2021_KAC_6_SC_ELA",2020-10-30,98,"A+","2020-08-24 - 2020-10-30"
400146,50234381,"Williams","Angiliecia","Frank Ray","2021_KAC_6_SC_ELA",2020-10-30,94,"A","2020-08-24 - 2020-10-30"
400146,50241952,"Thomas","Damariae","Frank Ray","2021_KAC_6_SC_ELA",2020-10-30,97,"A","2020-08-24 - 2020-10-30"
400146,50230507,"Ferguson","Jayala","Frank Ray","2021_KAC_6_SC_ELA",2020-10-30,88,"B+","2020-08-24 - 2020-10-30"
400146,50292381,"Brown","Delonte","Peter Maginot","2021_KAC_6_UTA_Math",2020-10-30,60,"D-","2020-08-24 - 2020-10-30"
400146,50289140,"Wright","Dawyne","Peter Maginot","2021_KAC_6_UTA_Math",2020-10-30,92,"A-","2020-08-24 - 2020-10-30"
400146,50319460,"Morfin","Kevin","Peter Maginot","2021_KAC_6_UTA_Math",2020-10-30,68,"D+","2020-08-24 - 2020-10-30"
400146,50236966,"Johnson","Perry","Peter Maginot","2021_KAC_6_UTA_Math",2020-10-30,60,"D-","2020-08-24 - 2020-10-30"
400146,50262062,"Binion","Treyvon","Peter Maginot","2021_KAC_6_UTA_Math",2020-10-30,63,"D","2020-08-24 - 2020-10-30"
400146,50272864,"Washington","Cortavia","Peter Maginot","2021_KAC_6_UTA_Math",2020-10-30,75,"C","2020-08-24 - 2020-10-30"
400146,50403021,"Owens","Aamaria","Peter Maginot","2021_KAC_6_UTA_Math",2020-10-30,98,"A+","2020-08-24 - 2020-10-30"
400146,50371374,"Sims","Darrell","Peter Maginot","2021_KAC_6_UTA_Math",2020-10-30,78,"C+","2020-08-24 - 2020-10-30"
400146,50312816,"Myers","Jaliyah","Peter Maginot","2021_KAC_6_UTA_Math",2020-10-30,77,"C+","2020-08-24 - 2020-10-30"
400146,50334413,"Wilson","Jamariah","Peter Maginot","2021_KAC_6_UTA_Math",2020-10-30,62,"D-","2020-08-24 - 2020-10-30"
400146,50256875,"Johnson","Erinn","Peter Maginot","2021_KAC_6_UTA_Math",2020-10-30,85,"B","2020-08-24 - 2020-10-30"
400146,50278735,"Steward","Joseph","Peter Maginot","2021_KAC_6_UTA_Math",2020-10-30,62,"D-","2020-08-24 - 2020-10-30"
400146,50284777,"Dye","Jacques","Peter Maginot","2021_KAC_6_UTA_Math",2020-10-30,66,"D","2020-08-24 - 2020-10-30"
400146,50292219,"Mallard","Marquize","Peter Maginot","2021_KAC_6_UTA_Math",2020-10-30,86,"B","2020-08-24 - 2020-10-30"
400146,50345257,"Turner","Samara","Peter Maginot","2021_KAC_6_UTA_Math",2020-10-30,92,"A-","2020-08-24 - 2020-10-30"
400146,50352077,"Rambus","Ariyana","Peter Maginot","2021_KAC_6_UTA_Math",2020-10-30,77,"C+","2020-08-24 - 2020-10-30"
400146,50448670,"Lee","Zy'anna","Peter Maginot","2021_KAC_6_UTA_Math",2020-10-30,71,"C-","2020-08-24 - 2020-10-30"
400146,50304547,"Dugar","Ary'ana","Peter Maginot","2021_KAC_6_UTA_Math",2020-10-30,92,"A-","2020-08-24 - 2020-10-30"
400146,50409331,"Harris","Amaria","Peter Maginot","2021_KAC_6_UTA_Math",2020-10-30,76,"C","2020-08-24 - 2020-10-30"
400146,50358789,"Starr","Ciara","Peter Maginot","2021_KAC_6_UTA_Math",2020-10-30,78,"C+","2020-08-24 - 2020-10-30"
400146,50396541,"Lee-Hall","Ja'Shun","Peter Maginot","2021_KAC_6_UTA_Math",2020-10-30,90,"A-","2020-08-24 - 2020-10-30"
400146,50304156,"Barksdale","Cherish","Peter Maginot","2021_KAC_6_UTA_Math",2020-10-30,81,"B-","2020-08-24 - 2020-10-30"
400146,50280368,"Robinson","Essence","Peter Maginot","2021_KAC_6_HU_Math",2020-10-30,91,"A-","2020-08-24 - 2020-10-30"
400146,50304751,"Davis","Tyrice","Peter Maginot","2021_KAC_6_HU_Math",2020-10-30,90,"A-","2020-08-24 - 2020-10-30"
400146,50395782,"Lee","Timothy","Peter Maginot","2021_KAC_6_HU_Math",2020-10-30,80,"B-","2020-08-24 - 2020-10-30"
400146,50164994,"Greer","Brandon","Peter Maginot","2021_KAC_6_HU_Math",2020-10-30,74,"C","2020-08-24 - 2020-10-30"
400146,50274281,"Bryant","Saniyah","Peter Maginot","2021_KAC_6_HU_Math",2020-10-30,81,"B-","2020-08-24 - 2020-10-30"
400146,50277065,"Richardson","Gernell","Peter Maginot","2021_KAC_6_HU_Math",2020-10-30,86,"B","2020-08-24 - 2020-10-30"
400146,50351401,"Taylor","Jeffrey","Peter Maginot","2021_KAC_6_HU_Math",2020-10-30,63,"D","2020-08-24 - 2020-10-30"
400146,50373436,"Larry","Tyairy","Peter Maginot","2021_KAC_6_HU_Math",2020-10-30,60,"D-","2020-08-24 - 2020-10-30"
400146,50275891,"Wyatt","Dzaria","Peter Maginot","2021_KAC_6_HU_Math",2020-10-30,80,"B-","2020-08-24 - 2020-10-30"
400146,50280779,"English","Samia","Peter Maginot","2021_KAC_6_HU_Math",2020-10-30,64,"D","2020-08-24 - 2020-10-30"
400146,50278591,"Morgan","Lavon","Peter Maginot","2021_KAC_6_HU_Math",2020-10-30,77,"C+","2020-08-24 - 2020-10-30"
400146,50229395,"Williams","Erionna","Peter Maginot","2021_KAC_6_HU_Math",2020-10-30,70,"C-","2020-08-24 - 2020-10-30"
400146,50277476,"Riles","Kelvin","Peter Maginot","2021_KAC_6_HU_Math",2020-10-30,72,"C-","2020-08-24 - 2020-10-30"
400146,50290948,"Freeman","Mashyla","Peter Maginot","2021_KAC_6_HU_Math",2020-10-30,58,"F","2020-08-24 - 2020-10-30"
400146,50401908,"Harris","Javaris","Peter Maginot","2021_KAC_6_HU_Math",2020-10-30,74,"C","2020-08-24 - 2020-10-30"
400146,50404586,"Radford","Jovon","Peter Maginot","2021_KAC_6_HU_Math",2020-10-30,70,"C-","2020-08-24 - 2020-10-30"
400146,50273743,"Mays","Denae","Peter Maginot","2021_KAC_6_HU_Math",2020-10-30,83,"B","2020-08-24 - 2020-10-30"
400146,50360239,"Collins","Taniyah","Peter Maginot","2021_KAC_6_HU_Math",2020-10-30,91,"A-","2020-08-24 - 2020-10-30"
400146,50372422,"Collins","McKye","Peter Maginot","2021_KAC_6_HU_Math",2020-10-30,66,"D","2020-08-24 - 2020-10-30"
400146,50313914,"Lacey","Damiya","Peter Maginot","2021_KAC_6_HU_Math",2020-10-30,87,"B+","2020-08-24 - 2020-10-30"
400146,50351470,"Harris","Ayanna","Peter Maginot","2021_KAC_6_HU_Math",2020-10-30,80,"B-","2020-08-24 - 2020-10-30"
400146,50370452,"Patterson","Daisha","Peter Maginot","2021_KAC_6_HU_Math",2020-10-30,54,"F","2020-08-24 - 2020-10-30"
400146,50277510,"Moore","Travion","Peter Maginot","2021_KAC_6_HU_Math",2020-10-30,59,"F","2020-08-24 - 2020-10-30"
400146,50310312,"Stenson","Treyvion","Peter Maginot","2021_KAC_6_HU_Math",2020-10-30,57,"F","2020-08-24 - 2020-10-30"
400146,50412715,"Minor","Malik","Peter Maginot","2021_KAC_6_HU_Math",2020-10-30,63,"D","2020-08-24 - 2020-10-30"
400146,50312526,"Lindsey","Naisha","Peter Maginot","2021_KAC_6_HU_Math",2020-10-30,81,"B-","2020-08-24 - 2020-10-30"
400146,50506682,"Adams","Dana","Peter Maginot","2021_KAC_6_HU_Math",2020-10-30,75,"C","2020-08-24 - 2020-10-30"
400146,50294481,"Smith","Trinity","Peter Maginot","2021_KAC_6_HU_Math",2020-10-30,65,"D","2020-08-24 - 2020-10-30"
400146,50330263,"Hill","Azyia","Peter Maginot","2021_KAC_6_HU_Math",2020-10-30,71,"C-","2020-08-24 - 2020-10-30"
400146,50412137,"Holt","Darrell","Peter Maginot","2021_KAC_6_HU_Math",2020-10-30,61,"D-","2020-08-24 - 2020-10-30"
400146,50719655,"Crew","Tristian","Frank Ray","2021_KAC_6_SC_Math",2020-10-30,92,"A-","2020-08-24 - 2020-10-30"
400146,50273458,"Bellamy","Luke","Frank Ray","2021_KAC_6_SC_Math",2020-10-30,93,"A-","2020-08-24 - 2020-10-30"
400146,50349575,"Sullivan","Trinity","Frank Ray","2021_KAC_6_SC_Math",2020-10-30,99,"A+","2020-08-24 - 2020-10-30"
400146,50396218,"Patterson","Daneisha","Frank Ray","2021_KAC_6_SC_Math",2020-10-30,99,"A+","2020-08-24 - 2020-10-30"
400146,60020718,"Carey","Ethan","Frank Ray","2021_KAC_6_SC_Math",2020-10-30,89,"B+","2020-08-24 - 2020-10-30"
400146,50495242,"Smith","Robert","Frank Ray","2021_KAC_6_SC_Math",2020-10-30,89,"B+","2020-08-24 - 2020-10-30"
400146,50354958,"Anderson","Tirnell","Frank Ray","2021_KAC_6_SC_Math",2020-10-30,97,"A","2020-08-24 - 2020-10-30"
400146,50234381,"Williams","Angiliecia","Frank Ray","2021_KAC_6_SC_Math",2020-10-30,95,"A","2020-08-24 - 2020-10-30"
400146,50241952,"Thomas","Damariae","Frank Ray","2021_KAC_6_SC_Math",2020-10-30,94,"A","2020-08-24 - 2020-10-30"
400146,50230507,"Ferguson","Jayala","Frank Ray","2021_KAC_6_SC_Math",2020-10-30,95,"A","2020-08-24 - 2020-10-30"
400146,50277755,"Benson","Caleel","Peter Maginot","2021_KAC_6_NU_Math",2020-10-30,77,"C+","2020-08-24 - 2020-10-30"
400146,50261757,"Shaw","Elitis","Peter Maginot","2021_KAC_6_NU_Math",2020-10-30,87,"B+","2020-08-24 - 2020-10-30"
400146,50305995,"Celestin","Ramiya","Peter Maginot","2021_KAC_6_NU_Math",2020-10-30,72,"C-","2020-08-24 - 2020-10-30"
400146,50313913,"Holland","Trey'veon","Peter Maginot","2021_KAC_6_NU_Math",2020-10-30,74,"C","2020-08-24 - 2020-10-30"
400146,50265416,"Coleman","Keshawn","Peter Maginot","2021_KAC_6_NU_Math",2020-10-30,77,"C+","2020-08-24 - 2020-10-30"
400146,50366613,"Scruggs","Nia-Nisa","Peter Maginot","2021_KAC_6_NU_Math",2020-10-30,72,"C-","2020-08-24 - 2020-10-30"
400146,50412711,"Graddy","Zakia","Peter Maginot","2021_KAC_6_NU_Math",2020-10-30,82,"B-","2020-08-24 - 2020-10-30"
400146,50406043,"Young","Jamirr","Peter Maginot","2021_KAC_6_NU_Math",2020-10-30,61,"D-","2020-08-24 - 2020-10-30"
400146,50346724,"Carter","Anyla","Peter Maginot","2021_KAC_6_NU_Math",2020-10-30,82,"B-","2020-08-24 - 2020-10-30"
400146,50626129,"Jenkins","Bri'Asia","Peter Maginot","2021_KAC_6_NU_Math",2020-10-30,97,"A","2020-08-24 - 2020-10-30"
400146,50219407,"Kizer","Yakteodia","Peter Maginot","2021_KAC_6_NU_Math",2020-10-30,65,"D","2020-08-24 - 2020-10-30"
400146,50273660,"Maratre","Danyael","Peter Maginot","2021_KAC_6_NU_Math",2020-10-30,76,"C","2020-08-24 - 2020-10-30"
400146,50350243,"McGee","Michael","Peter Maginot","2021_KAC_6_NU_Math",2020-10-30,62,"D-","2020-08-24 - 2020-10-30"
400146,50225696,"Bradley","William","Peter Maginot","2021_KAC_6_NU_Math",2020-10-30,74,"C","2020-08-24 - 2020-10-30"
400146,50290963,"Petty","Malek","Peter Maginot","2021_KAC_6_NU_Math",2020-10-30,62,"D-","2020-08-24 - 2020-10-30"
400146,50373669,"Davis","Akni","Peter Maginot","2021_KAC_6_NU_Math",2020-10-30,66,"D","2020-08-24 - 2020-10-30"
400146,50396215,"Patterson","Daniya","Peter Maginot","2021_KAC_6_NU_Math",2020-10-30,75,"C","2020-08-24 - 2020-10-30"
400146,60020797,"Smith","Nya","Peter Maginot","2021_KAC_6_NU_Math",2020-10-30,67,"D+","2020-08-24 - 2020-10-30"
400146,60030820,"Dickinson","Aaliyah","Peter Maginot","2021_KAC_6_NU_Math",2020-10-30,91,"A-","2020-08-24 - 2020-10-30"
400146,50340554,"Dorsey","Jerrell","Peter Maginot","2021_KAC_6_NU_Math",2020-10-30,85,"B","2020-08-24 - 2020-10-30"
400146,50409427,"Patterson","Deron","Peter Maginot","2021_KAC_6_NU_Math",2020-10-30,52,"F","2020-08-24 - 2020-10-30"
400146,50354488,"Brown","Angell","Peter Maginot","2021_KAC_6_NU_Math",2020-10-30,91,"A-","2020-08-24 - 2020-10-30"
400146,50396651,"Carreon","Bella","Peter Maginot","2021_KAC_6_NU_Math",2020-10-30,95,"A","2020-08-24 - 2020-10-30"
400146,50140109,"Grant","Ameria","Peter Maginot","2021_KAC_6_NU_Math",2020-10-30,75,"C","2020-08-24 - 2020-10-30"
400146,50189112,"McSpadden","Jovonni","Peter Maginot","2021_KAC_6_NU_Math",2020-10-30,86,"B","2020-08-24 - 2020-10-30"
400146,50316669,"Johnson","Madison","Peter Maginot","2021_KAC_6_NU_Math",2020-10-30,65,"D","2020-08-24 - 2020-10-30"
400146,50321185,"Williamson","Ryan","Peter Maginot","2021_KAC_6_NU_Math",2020-10-30,85,"B","2020-08-24 - 2020-10-30"
400146,50395418,"Kidd","Brandon","Peter Maginot","2021_KAC_6_NU_Math",2020-10-30,80,"B-","2020-08-24 - 2020-10-30"
400146,50364500,"Hill","Joseph","Peter Maginot","2021_KAC_6_NU_Math",2020-10-30,82,"B-","2020-08-24 - 2020-10-30"
400146,60096292,"Johnson","Amaya","Peter Maginot","2021_KAC_6_NU_Math",2020-10-30,95,"A","2020-08-24 - 2020-10-30"
400146,50317739,"Clark-Bones","Cloe","Ariel Kattan","2021_KAC_6_UTA_Science",2020-10-30,87,"B+","2020-08-24 - 2020-10-30"
400146,50292381,"Brown","Delonte","Ariel Kattan","2021_KAC_6_UTA_Science",2020-10-30,70,"C-","2020-08-24 - 2020-10-30"
400146,50289140,"Wright","Dawyne","Ariel Kattan","2021_KAC_6_UTA_Science",2020-10-30,84,"B","2020-08-24 - 2020-10-30"
400146,50319460,"Morfin","Kevin","Ariel Kattan","2021_KAC_6_UTA_Science",2020-10-30,74,"C","2020-08-24 - 2020-10-30"
400146,50236966,"Johnson","Perry","Ariel Kattan","2021_KAC_6_UTA_Science",2020-10-30,74,"C","2020-08-24 - 2020-10-30"
400146,50262062,"Binion","Treyvon","Ariel Kattan","2021_KAC_6_UTA_Science",2020-10-30,69,"D+","2020-08-24 - 2020-10-30"
400146,50272864,"Washington","Cortavia","Ariel Kattan","2021_KAC_6_UTA_Science",2020-10-30,72,"C-","2020-08-24 - 2020-10-30"
400146,50403021,"Owens","Aamaria","Ariel Kattan","2021_KAC_6_UTA_Science",2020-10-30,92,"A-","2020-08-24 - 2020-10-30"
400146,50371374,"Sims","Darrell","Ariel Kattan","2021_KAC_6_UTA_Science",2020-10-30,75,"C","2020-08-24 - 2020-10-30"
400146,50312816,"Myers","Jaliyah","Ariel Kattan","2021_KAC_6_UTA_Science",2020-10-30,72,"C-","2020-08-24 - 2020-10-30"
400146,50334413,"Wilson","Jamariah","Ariel Kattan","2021_KAC_6_UTA_Science",2020-10-30,64,"D","2020-08-24 - 2020-10-30"
400146,50256875,"Johnson","Erinn","Ariel Kattan","2021_KAC_6_UTA_Science",2020-10-30,81,"B-","2020-08-24 - 2020-10-30"
400146,50278735,"Steward","Joseph","Ariel Kattan","2021_KAC_6_UTA_Science",2020-10-30,70,"C-","2020-08-24 - 2020-10-30"
400146,50284777,"Dye","Jacques","Ariel Kattan","2021_KAC_6_UTA_Science",2020-10-30,70,"C-","2020-08-24 - 2020-10-30"
400146,50292219,"Mallard","Marquize","Ariel Kattan","2021_KAC_6_UTA_Science",2020-10-30,76,"C","2020-08-24 - 2020-10-30"
400146,50345257,"Turner","Samara","Ariel Kattan","2021_KAC_6_UTA_Science",2020-10-30,90,"A-","2020-08-24 - 2020-10-30"
400146,50352077,"Rambus","Ariyana","Ariel Kattan","2021_KAC_6_UTA_Science",2020-10-30,73,"C","2020-08-24 - 2020-10-30"
400146,50448670,"Lee","Zy'anna","Ariel Kattan","2021_KAC_6_UTA_Science",2020-10-30,74,"C","2020-08-24 - 2020-10-30"
400146,50304547,"Dugar","Ary'ana","Ariel Kattan","2021_KAC_6_UTA_Science",2020-10-30,92,"A-","2020-08-24 - 2020-10-30"
400146,50409331,"Harris","Amaria","Ariel Kattan","2021_KAC_6_UTA_Science",2020-10-30,73,"C","2020-08-24 - 2020-10-30"
400146,50358789,"Starr","Ciara","Ariel Kattan","2021_KAC_6_UTA_Science",2020-10-30,79,"C+","2020-08-24 - 2020-10-30"
400146,50396541,"Lee-Hall","Ja'Shun","Ariel Kattan","2021_KAC_6_UTA_Science",2020-10-30,84,"B","2020-08-24 - 2020-10-30"
400146,50304156,"Barksdale","Cherish","Ariel Kattan","2021_KAC_6_UTA_Science",2020-10-30,74,"C","2020-08-24 - 2020-10-30"
400146,50280368,"Robinson","Essence","Ariel Kattan","2021_KAC_6_HU_Science",2020-10-30,91,"A-","2020-08-24 - 2020-10-30"
400146,50304751,"Davis","Tyrice","Ariel Kattan","2021_KAC_6_HU_Science",2020-10-30,82,"B-","2020-08-24 - 2020-10-30"
400146,50395782,"Lee","Timothy","Ariel Kattan","2021_KAC_6_HU_Science",2020-10-30,85,"B","2020-08-24 - 2020-10-30"
400146,50164994,"Greer","Brandon","Ariel Kattan","2021_KAC_6_HU_Science",2020-10-30,79,"C+","2020-08-24 - 2020-10-30"
400146,50274281,"Bryant","Saniyah","Ariel Kattan","2021_KAC_6_HU_Science",2020-10-30,85,"B","2020-08-24 - 2020-10-30"
400146,50277065,"Richardson","Gernell","Ariel Kattan","2021_KAC_6_HU_Science",2020-10-30,75,"C","2020-08-24 - 2020-10-30"
400146,50351401,"Taylor","Jeffrey","Ariel Kattan","2021_KAC_6_HU_Science",2020-10-30,71,"C-","2020-08-24 - 2020-10-30"
400146,50373436,"Larry","Tyairy","Ariel Kattan","2021_KAC_6_HU_Science",2020-10-30,69,"D+","2020-08-24 - 2020-10-30"
400146,50275891,"Wyatt","Dzaria","Ariel Kattan","2021_KAC_6_HU_Science",2020-10-30,76,"C","2020-08-24 - 2020-10-30"
400146,50280779,"English","Samia","Ariel Kattan","2021_KAC_6_HU_Science",2020-10-30,69,"D+","2020-08-24 - 2020-10-30"
400146,50278591,"Morgan","Lavon","Ariel Kattan","2021_KAC_6_HU_Science",2020-10-30,81,"B-","2020-08-24 - 2020-10-30"
400146,50229395,"Williams","Erionna","Ariel Kattan","2021_KAC_6_HU_Science",2020-10-30,70,"C-","2020-08-24 - 2020-10-30"
400146,50277476,"Riles","Kelvin","Ariel Kattan","2021_KAC_6_HU_Science",2020-10-30,76,"C","2020-08-24 - 2020-10-30"
400146,50290948,"Freeman","Mashyla","Ariel Kattan","2021_KAC_6_HU_Science",2020-10-30,60,"D-","2020-08-24 - 2020-10-30"
400146,50401908,"Harris","Javaris","Ariel Kattan","2021_KAC_6_HU_Science",2020-10-30,79,"C+","2020-08-24 - 2020-10-30"
400146,50404586,"Radford","Jovon","Ariel Kattan","2021_KAC_6_HU_Science",2020-10-30,70,"C-","2020-08-24 - 2020-10-30"
400146,50273743,"Mays","Denae","Ariel Kattan","2021_KAC_6_HU_Science",2020-10-30,73,"C","2020-08-24 - 2020-10-30"
400146,50360239,"Collins","Taniyah","Ariel Kattan","2021_KAC_6_HU_Science",2020-10-30,80,"B-","2020-08-24 - 2020-10-30"
400146,50372422,"Collins","McKye","Ariel Kattan","2021_KAC_6_HU_Science",2020-10-30,73,"C","2020-08-24 - 2020-10-30"
400146,50313914,"Lacey","Damiya","Ariel Kattan","2021_KAC_6_HU_Science",2020-10-30,74,"C","2020-08-24 - 2020-10-30"
400146,50351470,"Harris","Ayanna","Ariel Kattan","2021_KAC_6_HU_Science",2020-10-30,80,"B-","2020-08-24 - 2020-10-30"
400146,50370452,"Patterson","Daisha","Ariel Kattan","2021_KAC_6_HU_Science",2020-10-30,57,"F","2020-08-24 - 2020-10-30"
400146,50277510,"Moore","Travion","Ariel Kattan","2021_KAC_6_HU_Science",2020-10-30,70,"C-","2020-08-24 - 2020-10-30"
400146,50310312,"Stenson","Treyvion","Ariel Kattan","2021_KAC_6_HU_Science",2020-10-30,65,"D","2020-08-24 - 2020-10-30"
400146,50412715,"Minor","Malik","Ariel Kattan","2021_KAC_6_HU_Science",2020-10-30,69,"D+","2020-08-24 - 2020-10-30"
400146,50312526,"Lindsey","Naisha","Ariel Kattan","2021_KAC_6_HU_Science",2020-10-30,72,"C-","2020-08-24 - 2020-10-30"
400146,50506682,"Adams","Dana","Ariel Kattan","2021_KAC_6_HU_Science",2020-10-30,87,"B+","2020-08-24 - 2020-10-30"
400146,50294481,"Smith","Trinity","Ariel Kattan","2021_KAC_6_HU_Science",2020-10-30,70,"C-","2020-08-24 - 2020-10-30"
400146,50330263,"Hill","Azyia","Ariel Kattan","2021_KAC_6_HU_Science",2020-10-30,69,"D+","2020-08-24 - 2020-10-30"
400146,50412137,"Holt","Darrell","Ariel Kattan","2021_KAC_6_HU_Science",2020-10-30,75,"C","2020-08-24 - 2020-10-30"
400146,50719655,"Crew","Tristian","Ariel Kattan","2021_KAC_6_UTA_Science",2020-10-30,69,"D+","2020-08-24 - 2020-10-30"
400146,50273458,"Bellamy","Luke","Ariel Kattan","2021_KAC_6_UTA_Science",2020-10-30,70,"B-","2020-08-24 - 2020-10-30"
400146,50349575,"Sullivan","Trinity","Ariel Kattan","2021_KAC_6_UTA_Science",2020-10-30,75,"B","2020-08-24 - 2020-10-30"
400146,50396218,"Patterson","Daneisha","Ariel Kattan","2021_KAC_6_UTA_Science",2020-10-30,80,"B+","2020-08-24 - 2020-10-30"
400146,60020718,"Carey","Ethan","Ariel Kattan","2021_KAC_6_UTA_Science",2020-10-30,72,"B-","2020-08-24 - 2020-10-30"
400146,50495242,"Smith","Robert","Ariel Kattan","2021_KAC_6_UTA_Science",2020-10-30,72,"C-","2020-08-24 - 2020-10-30"
400146,50354958,"Anderson","Tirnell","Ariel Kattan","2021_KAC_6_UTA_Science",2020-10-30,73,"B-","2020-08-24 - 2020-10-30"
400146,50234381,"Williams","Angiliecia","Ariel Kattan","2021_KAC_6_UTA_Science",2020-10-30,72,"C-","2020-08-24 - 2020-10-30"
400146,50241952,"Thomas","Damariae","Ariel Kattan","2021_KAC_6_UTA_Science",2020-10-30,85,"A","2020-08-24 - 2020-10-30"
400146,50230507,"Ferguson","Jayala","Ariel Kattan","2021_KAC_6_NU_Science",2020-10-30,81,"B+","2020-08-24 - 2020-10-30"
400146,50277755,"Benson","Caleel","Ariel Kattan","2021_KAC_6_NU_Science",2020-10-30,76,"C","2020-08-24 - 2020-10-30"
400146,50261757,"Shaw","Elitis","Ariel Kattan","2021_KAC_6_NU_Science",2020-10-30,81,"B-","2020-08-24 - 2020-10-30"
400146,50305995,"Celestin","Ramiya","Ariel Kattan","2021_KAC_6_NU_Science",2020-10-30,86,"B","2020-08-24 - 2020-10-30"
400146,50313913,"Holland","Trey'veon","Ariel Kattan","2021_KAC_6_NU_Science",2020-10-30,74,"C","2020-08-24 - 2020-10-30"
400146,50265416,"Coleman","Keshawn","Ariel Kattan","2021_KAC_6_NU_Science",2020-10-30,75,"C","2020-08-24 - 2020-10-30"
400146,50366613,"Scruggs","Nia-Nisa","Ariel Kattan","2021_KAC_6_NU_Science",2020-10-30,73,"C","2020-08-24 - 2020-10-30"
400146,50412711,"Graddy","Zakia","Ariel Kattan","2021_KAC_6_NU_Science",2020-10-30,79,"C+","2020-08-24 - 2020-10-30"
400146,50406043,"Young","Jamirr","Ariel Kattan","2021_KAC_6_NU_Science",2020-10-30,63,"D","2020-08-24 - 2020-10-30"
400146,50346724,"Carter","Anyla","Ariel Kattan","2021_KAC_6_NU_Science",2020-10-30,84,"B","2020-08-24 - 2020-10-30"
400146,50626129,"Jenkins","Bri'Asia","Ariel Kattan","2021_KAC_6_NU_Science",2020-10-30,91,"A-","2020-08-24 - 2020-10-30"
400146,50219407,"Kizer","Yakteodia","Ariel Kattan","2021_KAC_6_NU_Science",2020-10-30,69,"D+","2020-08-24 - 2020-10-30"
400146,50273660,"Maratre","Danyael","Ariel Kattan","2021_KAC_6_NU_Science",2020-10-30,78,"C+","2020-08-24 - 2020-10-30"
400146,50350243,"McGee","Michael","Ariel Kattan","2021_KAC_6_NU_Science",2020-10-30,71,"C-","2020-08-24 - 2020-10-30"
400146,50225696,"Bradley","William","Ariel Kattan","2021_KAC_6_NU_Science",2020-10-30,73,"C","2020-08-24 - 2020-10-30"
400146,50290963,"Petty","Malek","Ariel Kattan","2021_KAC_6_NU_Science",2020-10-30,70,"C-","2020-08-24 - 2020-10-30"
400146,50373669,"Davis","Akni","Ariel Kattan","2021_KAC_6_NU_Science",2020-10-30,71,"C-","2020-08-24 - 2020-10-30"
400146,50396215,"Patterson","Daniya","Ariel Kattan","2021_KAC_6_NU_Science",2020-10-30,79,"C+","2020-08-24 - 2020-10-30"
400146,60020797,"Smith","Nya","Ariel Kattan","2021_KAC_6_NU_Science",2020-10-30,75,"C","2020-08-24 - 2020-10-30"
400146,60030820,"Dickinson","Aaliyah","Ariel Kattan","2021_KAC_6_NU_Science",2020-10-30,90,"A-","2020-08-24 - 2020-10-30"
400146,50340554,"Dorsey","Jerrell","Ariel Kattan","2021_KAC_6_NU_Science",2020-10-30,79,"C+","2020-08-24 - 2020-10-30"
400146,50409427,"Patterson","Deron","Ariel Kattan","2021_KAC_6_NU_Science",2020-10-30,58,"F","2020-08-24 - 2020-10-30"
400146,50354488,"Brown","Angell","Ariel Kattan","2021_KAC_6_NU_Science",2020-10-30,81,"B-","2020-08-24 - 2020-10-30"
400146,50396651,"Carreon","Bella","Ariel Kattan","2021_KAC_6_NU_Science",2020-10-30,86,"B","2020-08-24 - 2020-10-30"
400146,50140109,"Grant","Ameria","Ariel Kattan","2021_KAC_6_NU_Science",2020-10-30,77,"C+","2020-08-24 - 2020-10-30"
400146,50189112,"McSpadden","Jovonni","Ariel Kattan","2021_KAC_6_NU_Science",2020-10-30,82,"B-","2020-08-24 - 2020-10-30"
400146,50316669,"Johnson","Madison","Ariel Kattan","2021_KAC_6_NU_Science",2020-10-30,71,"C-","2020-08-24 - 2020-10-30"
400146,50321185,"Williamson","Ryan","Ariel Kattan","2021_KAC_6_NU_Science",2020-10-30,82,"B-","2020-08-24 - 2020-10-30"
400146,50395418,"Kidd","Brandon","Ariel Kattan","2021_KAC_6_NU_Science",2020-10-30,77,"C+","2020-08-24 - 2020-10-30"
400146,50364500,"Hill","Joseph","Ariel Kattan","2021_KAC_6_NU_Science",2020-10-30,73,"C","2020-08-24 - 2020-10-30"
400146,60096292,"Johnson","Amaya","Ariel Kattan","2021_KAC_6_NU_Science",2020-10-30,79,"C+","2020-08-24 - 2020-10-30"
400146,50254497,"Richardson","Jeremiah","Javaughn Brantley","2021_KAC_7_SC_ELA",2020-10-30,72,"C","2020-08-24 - 2020-10-30"
400146,50254555,"Richardson","Nehemiah","Javaughn Brantley","2021_KAC_7_SC_ELA",2020-10-30,70,"C","2020-08-24 - 2020-10-30"
400146,50465034,"Gardner","Korey","Javaughn Brantley","2021_KAC_7_SC_ELA",2020-10-30,75,"B-","2020-08-24 - 2020-10-30"
400146,50465052,"Gardner","Kevin","Javaughn Brantley","2021_KAC_7_SC_ELA",2020-10-30,67,"D+","2020-08-24 - 2020-10-30"
400146,32644805,"Tuff","Tristan","Javaughn Brantley","2021_KAC_7_SC_ELA",2020-10-30,62,"D-","2020-08-24 - 2020-10-30"
400146,50171288,"Smith","Danika","Javaughn Brantley","2021_KAC_7_SC_ELA",2020-10-30,81,"B-","2020-08-24 - 2020-10-30"
400146,50371838,"Larry","Tyrice","Javaughn Brantley","2021_KAC_7_SC_ELA",2020-10-30,57,"F","2020-08-24 - 2020-10-30"
400146,50150187,"Davis","Alex","Javaughn Brantley","2021_KAC_7_SC_ELA",2020-10-30,91,"A-","2020-08-24 - 2020-10-30"
400146,50347104,"Buick","Rinaya","Javaughn Brantley","2021_KAC_7_SC_ELA",2020-10-30,73,"C","2020-08-24 - 2020-10-30"
400146,50190561,"Kyles","Jaquavion","Javaughn Brantley","2021_KAC_7_SC_ELA",2020-10-30,72,"C-","2020-08-24 - 2020-10-30"
400146,50232162,"Davis","Amarion","Javaughn Brantley","2021_KAC_7_SC_ELA",2020-10-30,80,"B-","2020-08-24 - 2020-10-30"
400146,50257701,"Burton","Rayvon","Brandon Saunders","2021_KAC_7_CCC_Math",2020-10-30,71,"C-","2020-08-24 - 2020-10-30"
400146,50104411,"Holmes","Jared","Brandon Saunders","2021_KAC_7_CCC_Math",2020-10-30,84,"B","2020-08-24 - 2020-10-30"
400146,50233877,"Patterson","Erick","Brandon Saunders","2021_KAC_7_CCC_Math",2020-10-30,68,"D+","2020-08-24 - 2020-10-30"
400146,50278927,"Glass","Tahirah","Brandon Saunders","2021_KAC_7_CCC_Math",2020-10-30,83,"B","2020-08-24 - 2020-10-30"
400146,45430146,"Griffin","Jaylen","Brandon Saunders","2021_KAC_7_CCC_Math",2020-10-30,69,"D+","2020-08-24 - 2020-10-30"
400146,50207653,"Shuttlesworth","Mya","Brandon Saunders","2021_KAC_7_CCC_Math",2020-10-30,76,"C","2020-08-24 - 2020-10-30"
400146,50223084,"Simmons","Jayla","Brandon Saunders","2021_KAC_7_CCC_Math",2020-10-30,90,"A-","2020-08-24 - 2020-10-30"
400146,50233218,"Jakes","Nehemiah","Brandon Saunders","2021_KAC_7_CCC_Math",2020-10-30,73,"C","2020-08-24 - 2020-10-30"
400146,50249282,"Johnson","Taniya","Brandon Saunders","2021_KAC_7_CCC_Math",2020-10-30,77,"C+","2020-08-24 - 2020-10-30"
400146,50254618,"Brown","Eliah","Brandon Saunders","2021_KAC_7_CCC_Math",2020-10-30,54,"F","2020-08-24 - 2020-10-30"
400146,50281151,"Johnson","Kiarra","Brandon Saunders","2021_KAC_7_CCC_Math",2020-10-30,93,"A-","2020-08-24 - 2020-10-30"
400146,50289884,"Ivy","Jaylen","Brandon Saunders","2021_KAC_7_CCC_Math",2020-10-30,82,"B-","2020-08-24 - 2020-10-30"
400146,50342992,"Farr","Isaiah","Brandon Saunders","2021_KAC_7_CCC_Math",2020-10-30,78,"C+","2020-08-24 - 2020-10-30"
400146,50352312,"Taylor","Troy","Brandon Saunders","2021_KAC_7_CCC_Math",2020-10-30,63,"D","2020-08-24 - 2020-10-30"
400146,50608224,"Motley","Alayla","Brandon Saunders","2021_KAC_7_CCC_Math",2020-10-30,75,"C","2020-08-24 - 2020-10-30"
400146,50138080,"Davis","Aden","Brandon Saunders","2021_KAC_7_CCC_Math",2020-10-30,95,"A","2020-08-24 - 2020-10-30"
400146,50289204,"Stiff Jr","Devar","Brandon Saunders","2021_KAC_7_CCC_Math",2020-10-30,96,"A","2020-08-24 - 2020-10-30"
400146,50294225,"Dukes","Keontae","Brandon Saunders","2021_KAC_7_CCC_Math",2020-10-30,65,"D","2020-08-24 - 2020-10-30"
400146,60020858,"Smith","Nashay","Brandon Saunders","2021_KAC_7_CCC_Math",2020-10-30,63,"D","2020-08-24 - 2020-10-30"
400146,50140450,"Turner","Talin","Brandon Saunders","2021_KAC_7_CCC_Math",2020-10-30,98,"A+","2020-08-24 - 2020-10-30"
400146,50274272,"Isom","Julius","Brandon Saunders","2021_KAC_7_CCC_Math",2020-10-30,76,"C","2020-08-24 - 2020-10-30"
400146,50331045,"Simmons","Deziray","Brandon Saunders","2021_KAC_7_CCC_Math",2020-10-30,79,"C+","2020-08-24 - 2020-10-30"
400146,50291310,"Butler","Corvell","Brandon Saunders","2021_KAC_7_CCC_Math",2020-10-30,59,"F","2020-08-24 - 2020-10-30"
400146,50243474,"Moore","Charvon","Brandon Saunders","2021_KAC_7_CCC_Math",2020-10-30,82,"B-","2020-08-24 - 2020-10-30"
400146,50351056,"Newbill","D'yaris","Brandon Saunders","2021_KAC_7_CCC_Math",2020-10-30,62,"D-","2020-08-24 - 2020-10-30"
400146,50259016,"Willis","Deja","Brandon Saunders","2021_KAC_7_CCC_Math",2020-10-30,69,"D+","2020-08-24 - 2020-10-30"
400146,50282456,"Greenwood","Reginald","Brandon Saunders","2021_KAC_7_CCC_Math",2020-10-30,70,"C-","2020-08-24 - 2020-10-30"
400146,50234369,"Butler","Jakyrean","Brandon Saunders","2021_KAC_7_CCC_Math",2020-10-30,59,"F","2020-08-24 - 2020-10-30"
400146,50237835,"Lipscomb","Daniya","Brandon Saunders","2021_KAC_7_CCC_Math",2020-10-30,74,"C","2020-08-24 - 2020-10-30"
400146,50253014,"Shenaurlt","Madysyn","Brandon Saunders","2021_KAC_7_CCC_Math",2020-10-30,86,"B","2020-08-24 - 2020-10-30"
400146,50254497,"Richardson","Jeremiah","Briona Robinson","2021_KAC_7_SC_Math",2020-10-30,70,"C","2020-08-24 - 2020-10-30"
400146,50254555,"Richardson","Nehemiah","Briona Robinson","2021_KAC_7_SC_Math",2020-10-30,70,"C","2020-08-24 - 2020-10-30"
400146,50465034,"Gardner","Korey","Briona Robinson","2021_KAC_7_SC_Math",2020-10-30,79,"B","2020-08-24 - 2020-10-30"
400146,50465052,"Gardner","Kevin","Brandon Saunders","2021_KAC_7_UNC_Math",2020-10-30,56,"C-","2020-08-24 - 2020-10-30"
400146,50312082,"Gordon","Kayla","Brandon Saunders","2021_KAC_7_UNC_Math",2020-10-30,89,"B+","2020-08-24 - 2020-10-30"
400146,32644805,"Tuff","Tristan","Briona Robinson","2021_KAC_7_SC_Math",2020-10-30,70,"C-","2020-08-24 - 2020-10-30"
400146,50157318,"Horton","Reginald","Brandon Saunders","2021_KAC_7_UNC_Math",2020-10-30,62,"D-","2020-08-24 - 2020-10-30"
400146,50171288,"Smith","Danika","Briona Robinson","2021_KAC_7_SC_Math",2020-10-30,67,"D+","2020-08-24 - 2020-10-30"
400146,50217048,"Anderson","Damarion","Brandon Saunders","2021_KAC_7_UNC_Math",2020-10-30,64,"D","2020-08-24 - 2020-10-30"
400146,50252869,"Tart","Avion","Brandon Saunders","2021_KAC_7_IL_HonorsMath",2020-10-30,67,"D+","2020-08-24 - 2020-10-30"
400146,50269275,"Wardlaw","Darcus","Brandon Saunders","2021_KAC_7_UNC_Math",2020-10-30,91,"A-","2020-08-24 - 2020-10-30"
400146,50288987,"Gipson","Demetrius","Brandon Saunders","2021_KAC_7_UNC_Math",2020-10-30,54,"F","2020-08-24 - 2020-10-30"
400146,50371838,"Larry","Tyrice","Briona Robinson","2021_KAC_7_SC_Math",2020-10-30,70,"C-","2020-08-24 - 2020-10-30"
400146,50371853,"Patterson","Dontrell","Brandon Saunders","2021_KAC_7_UNC_Math",2020-10-30,54,"F","2020-08-24 - 2020-10-30"
400146,50475588,"Nixon","Asianae","Brandon Saunders","2021_KAC_7_UNC_Math",2020-10-30,74,"C","2020-08-24 - 2020-10-30"
400146,50487211,"Burnett","Kamora","Brandon Saunders","2021_KAC_7_UNC_Math",2020-10-30,64,"D","2020-08-24 - 2020-10-30"
400146,50150187,"Davis","Alex","Briona Robinson","2021_KAC_7_SC_Math",2020-10-30,81,"B-","2020-08-24 - 2020-10-30"
400146,50714432,"Freeman","Markell","Brandon Saunders","2021_KAC_7_UNC_Math",2020-10-30,64,"D","2020-08-24 - 2020-10-30"
400146,50263973,"McCoy","Nyla","Brandon Saunders","2021_KAC_7_UNC_Math",2020-10-30,92,"A-","2020-08-24 - 2020-10-30"
400146,50188774,"McGee","Limija","Brandon Saunders","2021_KAC_7_UNC_Math",2020-10-30,60,"D-","2020-08-24 - 2020-10-30"
400146,50222777,"Lavallais","Dreamia","Briona Robinson","2021_KAC_7_SC_Math",2020-10-30,80,"B-","2020-08-24 - 2020-10-30"
400146,50347104,"Buick","Rinaya","Briona Robinson","2021_KAC_7_SC_Math",2020-10-30,73,"C","2020-08-24 - 2020-10-30"
400146,50172183,"Peterson","Jamarrion","Brandon Saunders","2021_KAC_7_UNC_Math",2020-10-30,71,"C-","2020-08-24 - 2020-10-30"
400146,50190561,"Kyles","Jaquavion","Briona Robinson","2021_KAC_7_SC_Math",2020-10-30,73,"C","2020-08-24 - 2020-10-30"
400146,50248582,"Dukes","D'earris","Briona Robinson","2021_KAC_7_SC_Math",2020-10-30,74,"C","2020-08-24 - 2020-10-30"
400146,50437402,"Lemon Jr.","Aaron","Brandon Saunders","2021_KAC_7_UNC_Math",2020-10-30,83,"B","2020-08-24 - 2020-10-30"
400146,50174915,"King","Darrenisha","Brandon Saunders","2021_KAC_7_UNC_Math",2020-10-30,91,"A-","2020-08-24 - 2020-10-30"
400146,50354195,"Ball","Marquis","Brandon Saunders","2021_KAC_7_UNC_Math",2020-10-30,64,"D","2020-08-24 - 2020-10-30"
400146,50312489,"Jackson","Asheena","Brandon Saunders","2021_KAC_7_UNC_Math",2020-10-30,71,"C-","2020-08-24 - 2020-10-30"
400146,50232162,"Davis","Amarion","Briona Robinson","2021_KAC_7_SC_Math",2020-10-30,73,"C","2020-08-24 - 2020-10-30"
400146,50415148,"Brewer","Daja","Brandon Saunders","2021_KAC_7_UNC_Math",2020-10-30,65,"D","2020-08-24 - 2020-10-30"
400146,50150731,"George","Jeremie","Brandon Saunders","2021_KAC_7_IL_HonorsMath",2020-10-30,65,"D","2020-08-24 - 2020-10-30"
400146,50358182,"Howery","Nethaneel","Brandon Saunders","2021_KAC_7_IL_HonorsMath",2020-10-30,65,"D","2020-08-24 - 2020-10-30"
400146,50326422,"Hollingsworth","Ladarius","Brandon Saunders","2021_KAC_7_IL_HonorsMath",2020-10-30,79,"C+","2020-08-24 - 2020-10-30"
400146,50348634,"McKennie","Je'sean","Brandon Saunders","2021_KAC_7_IL_HonorsMath",2020-10-30,86,"B","2020-08-24 - 2020-10-30"
400146,50317573,"Graddy Jr","Timothy","Brandon Saunders","2021_KAC_7_IL_HonorsMath",2020-10-30,94,"A","2020-08-24 - 2020-10-30"
400146,50216143,"Black","Ariannah","Brandon Saunders","2021_KAC_7_IL_HonorsMath",2020-10-30,95,"A","2020-08-24 - 2020-10-30"
400146,50240394,"Dedeaux","Kiron","Brandon Saunders","2021_KAC_7_IL_HonorsMath",2020-10-30,84,"B","2020-08-24 - 2020-10-30"
400146,50236724,"Presley","Jada","Brandon Saunders","2021_KAC_7_IL_HonorsMath",2020-10-30,74,"C","2020-08-24 - 2020-10-30"
400146,50244432,"Burrows","Destiny","Brandon Saunders","2021_KAC_7_IL_HonorsMath",2020-10-30,92,"A-","2020-08-24 - 2020-10-30"
400146,50260570,"Mong","Alikwe","Brandon Saunders","2021_KAC_7_IL_HonorsMath",2020-10-30,81,"B-","2020-08-24 - 2020-10-30"
400146,50288549,"Gipson","Camerin","Brandon Saunders","2021_KAC_7_IL_HonorsMath",2020-10-30,60,"D-","2020-08-24 - 2020-10-30"
400146,50293395,"Polen","Aaron","Brandon Saunders","2021_KAC_7_IL_HonorsMath",2020-10-30,75,"C","2020-08-24 - 2020-10-30"
400146,50300874,"Swinney","Jayda","Brandon Saunders","2021_KAC_7_IL_HonorsMath",2020-10-30,87,"B+","2020-08-24 - 2020-10-30"
400146,50314432,"Brewer","Jeremiah","Brandon Saunders","2021_KAC_7_IL_HonorsMath",2020-10-30,77,"C+","2020-08-24 - 2020-10-30"
400146,50322836,"Ayers","Ireion","Brandon Saunders","2021_KAC_7_IL_HonorsMath",2020-10-30,75,"C","2020-08-24 - 2020-10-30"
400146,50341251,"Harvey","Briana","Brandon Saunders","2021_KAC_7_IL_HonorsMath",2020-10-30,89,"B+","2020-08-24 - 2020-10-30"
400146,50501880,"Commings","Sedarius","Brandon Saunders","2021_KAC_7_IL_HonorsMath",2020-10-30,70,"C-","2020-08-24 - 2020-10-30"
400146,50342191,"Rogers","Heaven","Brandon Saunders","2021_KAC_7_IL_HonorsMath",2020-10-30,73,"C","2020-08-24 - 2020-10-30"
400146,50349436,"Davis","Cavarli","Brandon Saunders","2021_KAC_7_IL_HonorsMath",2020-10-30,92,"A-","2020-08-24 - 2020-10-30"
400146,50353619,"Coleman","Ashaurri","Brandon Saunders","2021_KAC_7_IL_HonorsMath",2020-10-30,60,"D-","2020-08-24 - 2020-10-30"
400146,50250334,"Smith","Krystle","Brandon Saunders","2021_KAC_7_IL_HonorsMath",2020-10-30,71,"C-","2020-08-24 - 2020-10-30"
400146,50294560,"Washington","Zariah","Brandon Saunders","2021_KAC_7_IL_HonorsMath",2020-10-30,89,"B+","2020-08-24 - 2020-10-30"
400146,50196299,"Jones","Carla","Brandon Saunders","2021_KAC_7_IL_HonorsMath",2020-10-30,92,"A-","2020-08-24 - 2020-10-30"
400146,50222831,"Williams","Jalise","Brandon Saunders","2021_KAC_7_IL_HonorsMath",2020-10-30,94,"A","2020-08-24 - 2020-10-30"
400146,50714420,"Griggs","Justin","Brandon Saunders","2021_KAC_7_IL_HonorsMath",2020-10-30,95,"A","2020-08-24 - 2020-10-30"
400146,50714448,"Jaddua","Nava","Brandon Saunders","2021_KAC_7_IL_HonorsMath",2020-10-30,95,"A","2020-08-24 - 2020-10-30"
400146,50344420,"Thomas","Michael","Brandon Saunders","2021_KAC_7_IL_HonorsMath",2020-10-30,86,"B","2020-08-24 - 2020-10-30"
400146,50193019,"Collins","Jamarion","Brandon Saunders","2021_KAC_7_IL_HonorsMath",2020-10-30,78,"C+","2020-08-24 - 2020-10-30"
400146,50246747,"Streeter","Marquis","Brandon Saunders","2021_KAC_7_IL_HonorsMath",2020-10-30,87,"B+","2020-08-24 - 2020-10-30"
400146,50302800,"Common","Mia","Brandon Saunders","2021_KAC_7_IL_HonorsMath",2020-10-30,82,"B-","2020-08-24 - 2020-10-30"
400146,50555741,"Noland","Antonia","Brandon Saunders","2021_KAC_7_IL_HonorsMath",2020-10-30,96,"A","2020-08-24 - 2020-10-30"
400146,60005509,"Wilkerson","Navondre","Brandon Saunders","2021_KAC_7_IL_HonorsMath",2020-10-30,84,"B","2020-08-24 - 2020-10-30"
400146,50278035,"Young","Desmond","Brandon Saunders","2021_KAC_7_IL_HonorsMath",2020-10-30,90,"A-","2020-08-24 - 2020-10-30"
400146,50233966,"Briscoe","Arlana","Brandon Saunders","2021_KAC_7_IL_HonorsMath",2020-10-30,59,"F","2020-08-24 - 2020-10-30"
400146,50150136,"Brown","JeNaija","Brandon Saunders","2021_KAC_7_IL_HonorsMath",2020-10-30,90,"A-","2020-08-24 - 2020-10-30"
400146,50195932,"King","Isaiah","Javaughn Brantley","2021_KAC_8_SC_ELA",2020-10-30,68,"D+","2020-08-24 - 2020-10-30"
400146,50199284,"Foreman","Mieka","Javaughn Brantley","2021_KAC_8_SC_ELA",2020-10-30,92,"A-","2020-08-24 - 2020-10-30"
400146,50207657,"Shuttlesworth","Xzavier","Javaughn Brantley","2021_KAC_8_SC_ELA",2020-10-30,73,"C","2020-08-24 - 2020-10-30"
400146,50263925,"Collins","Imani","Javaughn Brantley","2021_KAC_8_SC_ELA",2020-10-30,82,"B-","2020-08-24 - 2020-10-30"
400146,50303490,"Dotson","Jamal","Javaughn Brantley","2021_KAC_8_SC_ELA",2020-10-30,67,"D+","2020-08-24 - 2020-10-30"
400146,50358372,"Reed","Rekayla","Javaughn Brantley","2021_KAC_8_SC_ELA",2020-10-30,73,"C","2020-08-24 - 2020-10-30"
400146,50283026,"Johnson","Derrick","Javaughn Brantley","2021_KAC_8_SC_ELA",2020-10-30,71,"C-","2020-08-24 - 2020-10-30"
400146,50237182,"Shepard","Dalilah","Javaughn Brantley","2021_KAC_8_SC_ELA",2020-10-30,79,"C+","2020-08-24 - 2020-10-30"
400146,50309729,"Williamson","Edward","Javaughn Brantley","2021_KAC_8_SC_ELA",2020-10-30,82,"B","2020-08-24 - 2020-10-30"
400146,50239778,"Abdullah","Safiyyah","Javaughn Brantley","2021_KAC_8_SC_ELA",2020-10-30,88,"B+","2020-08-24 - 2020-10-30"
400146,50207657,"Shuttlesworth","Xzavier","Briona Robinson","2021_KAC_8_SC_Math",2020-10-30,76,"C","2020-08-24 - 2020-10-30"
400146,50263925,"Collins","Imani","Briona Robinson","2021_KAC_8_SC_Math",2020-10-30,82,"B-","2020-08-24 - 2020-10-30"
400146,50303490,"Dotson","Jamal","Briona Robinson","2021_KAC_8_SC_Math",2020-10-30,66,"D","2020-08-24 - 2020-10-30"
400146,50358372,"Reed","Rekayla","Briona Robinson","2021_KAC_8_SC_Math",2020-10-30,67,"D+","2020-08-24 - 2020-10-30"
400146,50283026,"Johnson","Derrick","Briona Robinson","2021_KAC_8_SC_Math",2020-10-30,71,"C-","2020-08-24 - 2020-10-30"
400146,50237182,"Shepard","Dalilah","Briona Robinson","2021_KAC_8_SC_Math",2020-10-30,70,"C-","2020-08-24 - 2020-10-30"
400146,50309729,"Williamson","Edward","Briona Robinson","2021_KAC_8_SC_Math",2020-10-30,71,"B","2020-08-24 - 2020-10-30"
400146,50164974,"Climons","Arnell","Briona Robinson","2021_KAC_8_SC_Math",2020-10-30,73,"C","2020-08-24 - 2020-10-30"
400146,50157734,"McGee","Tyriq","Briona Robinson","2021_KAC_8_SC_Math",2020-10-30,85,"B","2020-08-24 - 2020-10-30"
400146,50161007,"Simmons","Jah'Neisha","Briona Robinson","2021_KAC_8_SC_Math",2020-10-30,80,"B-","2020-08-24 - 2020-10-30"
400146,50298693,"Crew","Rumiah","Briona Robinson","2021_KAC_8_SC_Math",2020-10-30,80,"B-","2020-08-24 - 2020-10-30"
400146,50197340,"Love","Terrel","Briona Robinson","2021_KAC_8_SC_Math",2020-10-30,77,"C+","2020-08-24 - 2020-10-30"
400146,50171092,"Payton","Taliyah","Lydia McPherson","2021_KAC_8_BU_SS",2020-10-30,87,"B+","2020-08-24 - 2020-10-30"
400146,50194775,"Johnson","Dylan","Lydia McPherson","2021_KAC_8_BU_SS",2020-10-30,73,"C","2020-08-24 - 2020-10-30"
400146,50259140,"Williams","Shamar","Lydia McPherson","2021_KAC_8_BU_SS",2020-10-30,82,"B-","2020-08-24 - 2020-10-30"
400146,45551830,"Love","Tonisha","Lydia McPherson","2021_KAC_8_BU_SS",2020-10-30,90,"A-","2020-08-24 - 2020-10-30"
400146,45651517,"Laboy","Michael","Lydia McPherson","2021_KAC_8_BU_SS",2020-10-30,66,"D","2020-08-24 - 2020-10-30"
400146,50098441,"Pyles","Dereon","Lydia McPherson","2021_KAC_8_BU_SS",2020-10-30,83,"B","2020-08-24 - 2020-10-30"
400146,50168945,"Coleman","Aaliyah","Lydia McPherson","2021_KAC_8_BU_SS",2020-10-30,77,"C+","2020-08-24 - 2020-10-30"
400146,50173921,"Estes","Kindrick","Lydia McPherson","2021_KAC_8_BU_SS",2020-10-30,50,"F","2020-08-24 - 2020-10-30"
400146,50174327,"Warner","Brea","Lydia McPherson","2021_KAC_8_BU_SS",2020-10-30,86,"B","2020-08-24 - 2020-10-30"
400146,50200353,"Grace","Kevion","Lydia McPherson","2021_KAC_8_BU_SS",2020-10-30,91,"A-","2020-08-24 - 2020-10-30"
400146,50234350,"Butler","Anthony","Lydia McPherson","2021_KAC_8_BU_SS",2020-10-30,90,"A-","2020-08-24 - 2020-10-30"
400146,50253920,"Rolling","Jaylen","Lydia McPherson","2021_KAC_8_BU_SS",2020-10-30,88,"B+","2020-08-24 - 2020-10-30"
400146,50286509,"Smart-Stiff","Anthony","Lydia McPherson","2021_KAC_8_BU_SS",2020-10-30,85,"B","2020-08-24 - 2020-10-30"
400146,50286516,"Floyd","Adrianna","Lydia McPherson","2021_KAC_8_BU_SS",2020-10-30,65,"D","2020-08-24 - 2020-10-30"
400146,50289574,"Feazell","Destiny","Lydia McPherson","2021_KAC_8_BU_SS",2020-10-30,87,"B+","2020-08-24 - 2020-10-30"
400146,50291972,"Sanders","Makyah","Lydia McPherson","2021_KAC_8_BU_SS",2020-10-30,90,"A-","2020-08-24 - 2020-10-30"
400146,50588630,"Flynn","Jocelyn","Lydia McPherson","2021_KAC_8_BU_SS",2020-10-30,91,"A-","2020-08-24 - 2020-10-30"
400146,50175117,"Lipscomb","Daniurea","Lydia McPherson","2021_KAC_8_BU_SS",2020-10-30,76,"C","2020-08-24 - 2020-10-30"
400146,50197708,"Morris","J'anna","Lydia McPherson","2021_KAC_8_BU_SS",2020-10-30,84,"B","2020-08-24 - 2020-10-30"
400146,50488617,"Burnett","Kaydance","Lydia McPherson","2021_KAC_8_BU_SS",2020-10-30,56,"F","2020-08-24 - 2020-10-30"
400146,50111829,"Milton","Kamarion","Lydia McPherson","2021_KAC_8_BU_SS",2020-10-30,72,"C-","2020-08-24 - 2020-10-30"
400146,50221470,"Rawls","Cylas","Lydia McPherson","2021_KAC_8_BU_SS",2020-10-30,90,"A-","2020-08-24 - 2020-10-30"
400146,50294859,"Evans","Marquise","Lydia McPherson","2021_KAC_8_BU_SS",2020-10-30,92,"A-","2020-08-24 - 2020-10-30"
400146,50396444,"Barnes","Dkari","Lydia McPherson","2021_KAC_8_BU_SS",2020-10-30,76,"C","2020-08-24 - 2020-10-30"
400146,50588056,"Franklin","Darihya","Lydia McPherson","2021_KAC_8_BU_SS",2020-10-30,90,"A-","2020-08-24 - 2020-10-30"
400146,50075655,"Wyatt","Daniya","Lydia McPherson","2021_KAC_8_BU_SS",2020-10-30,80,"B-","2020-08-24 - 2020-10-30"
400146,50170407,"Matthews","Sharmaine","Lydia McPherson","2021_KAC_8_BU_SS",2020-10-30,89,"B+","2020-08-24 - 2020-10-30"
400146,50238608,"Frazier","Kevonna","Lydia McPherson","2021_KAC_8_BU_SS",2020-10-30,90,"A-","2020-08-24 - 2020-10-30"
400146,50219866,"Storboll","Diamond","Lydia McPherson","2021_KAC_8_BU_SS",2020-10-30,86,"B","2020-08-24 - 2020-10-30"
400146,50127375,"Davis","Kemarion","Lydia McPherson","2021_KAC_8_BU_SS",2020-10-30,60,"D-","2020-08-24 - 2020-10-30"
400146,50203160,"Turner","Chylon","Lydia McPherson","2021_KAC_8_BU_SS",2020-10-30,71,"C-","2020-08-24 - 2020-10-30"
400146,50109855,"Gates","Javar","Lydia McPherson","2021_KAC_8_BU_SS",2020-10-30,82,"B-","2020-08-24 - 2020-10-30"
400146,50195932,"King","Isaiah","Lydia McPherson","2021_KAC_8_SIU_SS",2020-10-30,85,"B","2020-08-24 - 2020-10-30"
400146,50199284,"Foreman","Mieka","Lydia McPherson","2021_KAC_8_SIU_SS",2020-10-30,85,"B","2020-08-24 - 2020-10-30"
400146,50207657,"Shuttlesworth","Xzavier","Lydia McPherson","2021_KAC_8_SIU_SS",2020-10-30,77,"C+","2020-08-24 - 2020-10-30"
400146,50263925,"Collins","Imani","Lydia McPherson","2021_KAC_8_SIU_SS",2020-10-30,80,"B-","2020-08-24 - 2020-10-30"
400146,50303490,"Dotson","Jamal","Lydia McPherson","2021_KAC_8_SIU_SS",2020-10-30,62,"C-","2020-08-24 - 2020-10-30"
400146,50358372,"Reed","Rekayla","Lydia McPherson","2021_KAC_8_SIU_SS",2020-10-30,63,"C-","2020-08-24 - 2020-10-30"
400146,50283026,"Johnson","Derrick","Lydia McPherson","2021_KAC_8_SIU_SS",2020-10-30,70,"C","2020-08-24 - 2020-10-30"
400146,50237182,"Shepard","Dalilah","Lydia McPherson","2021_KAC_8_SIU_SS",2020-10-30,72,"C","2020-08-24 - 2020-10-30"
400146,50309729,"Williamson","Edward","Lydia McPherson","2021_KAC_8_SIU_SS",2020-10-30,74,"B","2020-08-24 - 2020-10-30"
400146,50239778,"Abdullah","Safiyyah","Lydia McPherson","2021_KAC_8_SIU_SS",2020-10-30,81,"B-","2020-08-24 - 2020-10-30"
400146,45544435,"Johnson","Keonte","Lydia McPherson","2021_KAC_8_SIU_SS",2020-10-30,91,"A-","2020-08-24 - 2020-10-30"
400146,50193127,"Solid","Sajai","Lydia McPherson","2021_KAC_8_SIU_SS",2020-10-30,95,"A","2020-08-24 - 2020-10-30"
400146,50237791,"Dorrough","Takyah","Lydia McPherson","2021_KAC_8_SIU_SS",2020-10-30,84,"B","2020-08-24 - 2020-10-30"
400146,50284685,"Choice","Alanna","Lydia McPherson","2021_KAC_8_SIU_SS",2020-10-30,94,"A","2020-08-24 - 2020-10-30"
400146,50170465,"Collins","Deon'ana","Lydia McPherson","2021_KAC_8_SIU_SS",2020-10-30,93,"A-","2020-08-24 - 2020-10-30"
400146,50183911,"Harris","Jarrell","Lydia McPherson","2021_KAC_8_SIU_SS",2020-10-30,91,"A-","2020-08-24 - 2020-10-30"
400146,50075773,"Conyears","Dawon","Lydia McPherson","2021_KAC_8_SIU_SS",2020-10-30,74,"C","2020-08-24 - 2020-10-30"
400146,50164974,"Climons","Arnell","Lydia McPherson","2021_KAC_8_SIU_SS",2020-10-30,77,"C+","2020-08-24 - 2020-10-30"
400146,50189653,"Morrow","Laniya","Lydia McPherson","2021_KAC_8_SIU_SS",2020-10-30,98,"A+","2020-08-24 - 2020-10-30"
400146,50286507,"Coleman","Na'zariah","Lydia McPherson","2021_KAC_8_SIU_SS",2020-10-30,90,"A-","2020-08-24 - 2020-10-30"
400146,50291163,"Flowers","Nasir","Lydia McPherson","2021_KAC_8_SIU_SS",2020-10-30,84,"B","2020-08-24 - 2020-10-30"
400146,50157734,"McGee","Tyriq","Lydia McPherson","2021_KAC_8_SIU_SS",2020-10-30,95,"A","2020-08-24 - 2020-10-30"
400146,50194394,"Sharif","Aaskia","Lydia McPherson","2021_KAC_8_SIU_SS",2020-10-30,97,"A","2020-08-24 - 2020-10-30"
400146,50287752,"Edwards","Johnathan","Lydia McPherson","2021_KAC_8_SIU_SS",2020-10-30,96,"A","2020-08-24 - 2020-10-30"
400146,50161007,"Simmons","Jah'Neisha","Lydia McPherson","2021_KAC_8_SIU_SS",2020-10-30,86,"B","2020-08-24 - 2020-10-30"
400146,50194798,"Smith","Anthony","Lydia McPherson","2021_KAC_8_SIU_SS",2020-10-30,57,"F","2020-08-24 - 2020-10-30"
400146,50286330,"Black","Serenity","Lydia McPherson","2021_KAC_8_SIU_SS",2020-10-30,92,"A-","2020-08-24 - 2020-10-30"
400146,50298693,"Crew","Rumiah","Lydia McPherson","2021_KAC_8_SIU_SS",2020-10-30,84,"B","2020-08-24 - 2020-10-30"
400146,50111343,"Smith","Nacarri","Lydia McPherson","2021_KAC_8_SIU_SS",2020-10-30,64,"D","2020-08-24 - 2020-10-30"
400146,50197340,"Love","Terrel","Lydia McPherson","2021_KAC_8_SIU_SS",2020-10-30,76,"C","2020-08-24 - 2020-10-30"
400146,50439695,"Sledge","Shariya","Lydia McPherson","2021_KAC_8_SIU_SS",2020-10-30,86,"B","2020-08-24 - 2020-10-30"
400146,50155928,"Wallace","Iyanna","Lydia McPherson","2021_KAC_8_SIU_SS",2020-10-30,86,"B","2020-08-24 - 2020-10-30"
400146,50237146,"Adams","Tamia","Lydia McPherson","2021_KAC_8_SIU_SS",2020-10-30,93,"A-","2020-08-24 - 2020-10-30"
400146,50139732,"Jones","Raqwuan","Lydia McPherson","2021_KAC_8_DU_SS",2020-10-30,78,"C+","2020-08-24 - 2020-10-30"
400146,50197575,"Davis","Korea","Lydia McPherson","2021_KAC_8_DU_SS",2020-10-30,88,"B+","2020-08-24 - 2020-10-30"
400146,50249633,"Chamliss","Cal","Lydia McPherson","2021_KAC_8_DU_SS",2020-10-30,71,"C-","2020-08-24 - 2020-10-30"
400146,50187073,"Hamilton","Shamyra","Lydia McPherson","2021_KAC_8_DU_SS",2020-10-30,71,"C-","2020-08-24 - 2020-10-30"
400146,45123685,"Florence","Damaryona","Lydia McPherson","2021_KAC_8_DU_SS",2020-10-30,92,"A-","2020-08-24 - 2020-10-30"
400146,50075772,"Conyears","Antwon","Lydia McPherson","2021_KAC_8_DU_SS",2020-10-30,81,"B-","2020-08-24 - 2020-10-30"
400146,50145804,"Ward-Forbes","Novelle","Lydia McPherson","2021_KAC_8_DU_SS",2020-10-30,84,"B","2020-08-24 - 2020-10-30"
400146,50167273,"Lucas","Camren","Lydia McPherson","2021_KAC_8_DU_SS",2020-10-30,93,"A-","2020-08-24 - 2020-10-30"
400146,50172975,"Williams","Avani","Lydia McPherson","2021_KAC_8_DU_SS",2020-10-30,95,"A","2020-08-24 - 2020-10-30"
400146,50174315,"Warner","Cadence","Lydia McPherson","2021_KAC_8_DU_SS",2020-10-30,91,"A-","2020-08-24 - 2020-10-30"
400146,50175161,"Igess","Re'yonna","Lydia McPherson","2021_KAC_8_DU_SS",2020-10-30,80,"B-","2020-08-24 - 2020-10-30"
400146,50176580,"Williams","Breanna","Lydia McPherson","2021_KAC_8_DU_SS",2020-10-30,95,"A","2020-08-24 - 2020-10-30"
400146,50184644,"Fox","Raymond","Lydia McPherson","2021_KAC_8_DU_SS",2020-10-30,92,"A-","2020-08-24 - 2020-10-30"
400146,50221469,"Brown","Emia","Lydia McPherson","2021_KAC_8_DU_SS",2020-10-30,74,"C","2020-08-24 - 2020-10-30"
400146,50227980,"Williams","Javion","Lydia McPherson","2021_KAC_8_DU_SS",2020-10-30,80,"B-","2020-08-24 - 2020-10-30"
400146,50238034,"Reynolds","Demarcus","Lydia McPherson","2021_KAC_8_DU_SS",2020-10-30,70,"C-","2020-08-24 - 2020-10-30"
400146,50253905,"Gregory","Kemari","Lydia McPherson","2021_KAC_8_DU_SS",2020-10-30,94,"A","2020-08-24 - 2020-10-30"
400146,50267153,"Coleman","Jamarion","Lydia McPherson","2021_KAC_8_DU_SS",2020-10-30,79,"C+","2020-08-24 - 2020-10-30"
400146,50286371,"Randle","Ashonna","Lydia McPherson","2021_KAC_8_DU_SS",2020-10-30,95,"A","2020-08-24 - 2020-10-30"
400146,50293604,"Wooten","Tikeyan","Lydia McPherson","2021_KAC_8_DU_SS",2020-10-30,72,"C-","2020-08-24 - 2020-10-30"
400146,50441079,"Nicholson","Akirah","Lydia McPherson","2021_KAC_8_DU_SS",2020-10-30,88,"B+","2020-08-24 - 2020-10-30"
400146,50173243,"Mayers","Isaiah","Lydia McPherson","2021_KAC_8_DU_SS",2020-10-30,78,"C+","2020-08-24 - 2020-10-30"
400146,50213421,"Turner","J'niyah","Lydia McPherson","2021_KAC_8_DU_SS",2020-10-30,91,"A-","2020-08-24 - 2020-10-30"
400146,50286331,"Edwards","Destini","Lydia McPherson","2021_KAC_8_DU_SS",2020-10-30,86,"B","2020-08-24 - 2020-10-30"
400146,50285623,"Ramey","Sincere","Lydia McPherson","2021_KAC_8_DU_SS",2020-10-30,89,"B+","2020-08-24 - 2020-10-30"
400146,50289364,"Harvey","Alana","Lydia McPherson","2021_KAC_8_DU_SS",2020-10-30,67,"D+","2020-08-24 - 2020-10-30"
400146,50171138,"Storboll","Rayshaun","Lydia McPherson","2021_KAC_8_DU_SS",2020-10-30,87,"B+","2020-08-24 - 2020-10-30"
400146,50288822,"Choice","Brandon","Lydia McPherson","2021_KAC_8_DU_SS",2020-10-30,60,"D-","2020-08-24 - 2020-10-30"
400146,50173015,"Miller","Lariel","Lydia McPherson","2021_KAC_8_DU_SS",2020-10-30,77,"C+","2020-08-24 - 2020-10-30"
400146,50172861,"Mitchell","Zakobe","Lydia McPherson","2021_KAC_8_DU_SS",2020-10-30,70,"C-","2020-08-24 - 2020-10-30"
400146,50233311,"Newell","Kiara","Lydia McPherson","2021_KAC_8_DU_SS",2020-10-30,72,"C-","2020-08-24 - 2020-10-30"
400146,50188044,"Jackson","Jimmia","Lydia McPherson","2021_KAC_8_DU_SS",2020-10-30,56,"F","2020-08-24 - 2020-10-30"
