"site_id","Student ID","last_name","first_name","teacher_full_name","GradeBook","score_last_updated","Percentage","Mark","grading_period"
78102,50295475,"Evans","Ma'Liyah","Jennifer Simmons","2021_KAP_4_LUC_ELA",2020-10-30,81,"B-","2020-08-24 - 2020-10-30"
78102,50324459,"Gray","Tiriyah","Jennifer Simmons","2021_KAP_4_LUC_ELA",2020-10-30,70,"C-","2020-08-24 - 2020-10-30"
78102,50340822,"Borders","Jaylen","Jennifer Simmons","2021_KAP_4_LUC_ELA",2020-10-30,86,"B","2020-08-24 - 2020-10-30"
78102,50377387,"Sneed","Jeremiah","Jennifer Simmons","2021_KAP_4_LUC_ELA",2020-10-30,70,"C-","2020-08-24 - 2020-10-30"
78102,50406603,"Price","Astarra","Jennifer Simmons","2021_KAP_4_LUC_ELA",2020-10-30,70,"C-","2020-08-24 - 2020-10-30"
78102,50409445,"Franklin","London","Jennifer Simmons","2021_KAP_4_LUC_ELA",2020-10-30,70,"C-","2020-08-24 - 2020-10-30"
78102,50409873,"Lewis-Smith","London","Jennifer Simmons","2021_KAP_4_LUC_ELA",2020-10-30,84,"B","2020-08-24 - 2020-10-30"
78102,50415573,"Rutledge","Laylah","Jennifer Simmons","2021_KAP_4_LUC_ELA",2020-10-30,82,"B-","2020-08-24 - 2020-10-30"
78102,50424941,"Guider","Samaye","Jennifer Simmons","2021_KAP_4_LUC_ELA",2020-10-30,70,"C-","2020-08-24 - 2020-10-30"
78102,50424946,"Guider","Simone","Jennifer Simmons","2021_KAP_4_LUC_ELA",2020-10-30,70,"C-","2020-08-24 - 2020-10-30"
78102,50443187,"Sharp","Victor","Jennifer Simmons","2021_KAP_4_LUC_ELA",2020-10-30,70,"C-","2020-08-24 - 2020-10-30"
78102,50448707,"Blanks","Karion","Jennifer Simmons","2021_KAP_4_LUC_ELA",2020-10-30,84,"B","2020-08-24 - 2020-10-30"
78102,50496074,"Anderson-Harris","Jozlyn","Jennifer Simmons","2021_KAP_4_LUC_ELA",2020-10-30,91,"A-","2020-08-24 - 2020-10-30"
78102,50498500,"Franklin","Lloyd","Jennifer Simmons","2021_KAP_4_LUC_ELA",2020-10-30,70,"C-","2020-08-24 - 2020-10-30"
78102,50503067,"Branch","Ethan","Jennifer Simmons","2021_KAP_4_LUC_ELA",2020-10-30,97,"A","2020-08-24 - 2020-10-30"
78102,50552315,"Thompson","London","Jennifer Simmons","2021_KAP_4_LUC_ELA",2020-10-30,58,"F","2020-08-24 - 2020-10-30"
78102,50364611,"Curtis","Joseph","Jennifer Simmons","2021_KAP_4_LUC_ELA",2020-10-30,76,"C","2020-08-24 - 2020-10-30"
78102,50416468,"Soto","Jayden","Jennifer Simmons","2021_KAP_4_LUC_ELA",2020-10-30,70,"C-","2020-08-24 - 2020-10-30"
78102,50470784,"Boyd","Jamarion","Jennifer Simmons","2021_KAP_4_LUC_ELA",2020-10-30,73,"C","2020-08-24 - 2020-10-30"
78102,50539409,"Edwards","Autumn","Jennifer Simmons","2021_KAP_4_LUC_ELA",2020-10-30,85,"B","2020-08-24 - 2020-10-30"
78102,50585435,"Thompson","Demir","Jennifer Simmons","2021_KAP_4_LUC_ELA",2020-10-30,70,"C-","2020-08-24 - 2020-10-30"
78102,50411849,"Milton","Kamya","Jennifer Simmons","2021_KAP_4_LUC_ELA",2020-10-30,70,"C-","2020-08-24 - 2020-10-30"
78102,50515668,"Jones","Tramara","Jennifer Simmons","2021_KAP_4_LUC_ELA",2020-10-30,55,"F","2020-08-24 - 2020-10-30"
78102,50460646,"Davis","Nakayla","Jennifer Simmons","2021_KAP_4_LUC_ELA",2020-10-30,78,"C+","2020-08-24 - 2020-10-30"
78102,50356016,"Ford","Tairell","Jennifer Simmons","2021_KAP_4_LUC_ELA",2020-10-30,70,"C-","2020-08-24 - 2020-10-30"
78102,50721226,"Williams","Cadence","Jennifer Simmons","2021_KAP_4_LUC_ELA",2020-10-30,70,"C-","2020-08-24 - 2020-10-30"
78102,50364920,"Bowman","Alexzander","Jennifer Simmons","2021_KAP_4_LUC_ELA",2020-10-30,76,"C","2020-08-24 - 2020-10-30"
78102,50501294,"Fields","Jaliyah","Jennifer Simmons","2021_KAP_4_LUC_ELA",2020-10-30,85,"B","2020-08-24 - 2020-10-30"
78102,50361377,"Harris","Jordan","Jennifer Simmons","2021_KAP_4_LUC_ELA",2020-10-30,70,"C-","2020-08-24 - 2020-10-30"
78102,50392929,"Butts","Dermarion","Jennifer Simmons","2021_KAP_4_LUC_ELA",2020-10-30,70,"C-","2020-08-24 - 2020-10-30"
78102,50552568,"Jenkins","Mark","Jennifer Simmons","2021_KAP_4_LUC_ELA",2020-10-30,70,"C-","2020-08-24 - 2020-10-30"
78102,50461138,"Hozier","Deparrish","Jennifer Simmons","2021_KAP_4_CCC_ELA",2020-10-30,94,"A","2020-08-24 - 2020-10-30"
78102,50463526,"Scott","Isiah","Jennifer Simmons","2021_KAP_4_CCC_ELA",2020-10-30,70,"C-","2020-08-24 - 2020-10-30"
78102,50309702,"Story","Janelle","Jennifer Simmons","2021_KAP_4_CCC_ELA",2020-10-30,87,"B+","2020-08-24 - 2020-10-30"
78102,50325680,"Johnson","Timothy","Jennifer Simmons","2021_KAP_4_CCC_ELA",2020-10-30,82,"B-","2020-08-24 - 2020-10-30"
78102,50362971,"Carter","Zarion","Jennifer Simmons","2021_KAP_4_CCC_ELA",2020-10-30,70,"C-","2020-08-24 - 2020-10-30"
78102,50370654,"Sparks","Miracle","Jennifer Simmons","2021_KAP_4_CCC_ELA",2020-10-30,74,"C","2020-08-24 - 2020-10-30"
78102,50434353,"Buie","Caleb","Jennifer Simmons","2021_KAP_4_CCC_ELA",2020-10-30,85,"B","2020-08-24 - 2020-10-30"
78102,50483221,"Yancy","Dashyia","Jennifer Simmons","2021_KAP_4_CCC_ELA",2020-10-30,70,"C-","2020-08-24 - 2020-10-30"
78102,50527140,"Holmes","Jamal","Jennifer Simmons","2021_KAP_4_CCC_ELA",2020-10-30,87,"B+","2020-08-24 - 2020-10-30"
78102,50550824,"McDonald","London","Jennifer Simmons","2021_KAP_4_CCC_ELA",2020-10-30,81,"B-","2020-08-24 - 2020-10-30"
78102,50554866,"Williams","Javari","Jennifer Simmons","2021_KAP_4_CCC_ELA",2020-10-30,71,"C-","2020-08-24 - 2020-10-30"
78102,50384147,"Prince","Briyonna","Jennifer Simmons","2021_KAP_4_CCC_ELA",2020-10-30,75,"C","2020-08-24 - 2020-10-30"
78102,50416090,"Tates II","Maurice","Jennifer Simmons","2021_KAP_4_CCC_ELA",2020-10-30,70,"C-","2020-08-24 - 2020-10-30"
78102,50406767,"Fuller","Heaven","Jennifer Simmons","2021_KAP_4_CCC_ELA",2020-10-30,70,"C-","2020-08-24 - 2020-10-30"
78102,50478235,"Corethers","Nevillia","Jennifer Simmons","2021_KAP_4_CCC_ELA",2020-10-30,70,"C-","2020-08-24 - 2020-10-30"
78102,50602830,"Scott","Frank","Jennifer Simmons","2021_KAP_4_CCC_ELA",2020-10-30,70,"C-","2020-08-24 - 2020-10-30"
78102,50415900,"Weatherall","Ashley","Jennifer Simmons","2021_KAP_4_CCC_ELA",2020-10-30,53,"F","2020-08-24 - 2020-10-30"
78102,50477312,"Hobbs","Miangel","Jennifer Simmons","2021_KAP_4_CCC_ELA",2020-10-30,70,"C-","2020-08-24 - 2020-10-30"
78102,50363051,"Petty","Patrice","Jennifer Simmons","2021_KAP_4_CCC_ELA",2020-10-30,70,"C-","2020-08-24 - 2020-10-30"
78102,50576443,"Crockett","Ryheam","Jennifer Simmons","2021_KAP_4_CCC_ELA",2020-10-30,57,"F","2020-08-24 - 2020-10-30"
78102,50379920,"Petty","Gemika","Jennifer Simmons","2021_KAP_4_CCC_ELA",2020-10-30,70,"C-","2020-08-24 - 2020-10-30"
78102,50481249,"Bennett","Corey","Jennifer Simmons","2021_KAP_4_CCC_ELA",2020-10-30,70,"C-","2020-08-24 - 2020-10-30"
78102,50414575,"Brunt","Perry","Jennifer Simmons","2021_KAP_4_CCC_ELA",2020-10-30,70,"C-","2020-08-24 - 2020-10-30"
78102,50411260,"Carter","Joshua","Jennifer Simmons","2021_KAP_4_CCC_ELA",2020-10-30,82,"B-","2020-08-24 - 2020-10-30"
78102,50485788,"Brazil","Jmyah","Jennifer Simmons","2021_KAP_4_CCC_ELA",2020-10-30,70,"C-","2020-08-24 - 2020-10-30"
78102,50365027,"Heard","Di'Anna","Jennifer Simmons","2021_KAP_4_CCC_ELA",2020-10-30,82,"B-","2020-08-24 - 2020-10-30"
78102,50488753,"Olufeko","Oyinbola","Jennifer Simmons","2021_KAP_4_CCC_ELA",2020-10-30,93,"A-","2020-08-24 - 2020-10-30"
78102,50360595,"Taylor","Jamari","Jennifer Simmons","2021_KAP_4_SC_ELA",2020-10-30,70,"C-","2020-08-24 - 2020-10-30"
78102,50311888,"Dorn","D'kyrah","Jennifer Simmons","2021_KAP_4_SC_ELA",2020-10-30,70,"C-","2020-08-24 - 2020-10-30"
78102,50319007,"Polk","Kaleigh","Jennifer Simmons","2021_KAP_4_SC_ELA",2020-10-30,90,"A-","2020-08-24 - 2020-10-30"
78102,50362065,"King","Bryan","Jennifer Simmons","2021_KAP_4_SC_ELA",2020-10-30,86,"B","2020-08-24 - 2020-10-30"
78102,50374318,"Sipp","Amaria","Jennifer Simmons","2021_KAP_4_SC_ELA",2020-10-30,92,"A-","2020-08-24 - 2020-10-30"
78102,50377746,"Mason","Yara","Jennifer Simmons","2021_KAP_4_SC_ELA",2020-10-30,70,"C-","2020-08-24 - 2020-10-30"
78102,50415128,"Carson","Isaac","Jennifer Simmons","2021_KAP_4_SC_ELA",2020-10-30,70,"C-","2020-08-24 - 2020-10-30"
78102,50416227,"Turner","Daniyah","Kathleen O'Brien","2021_KAP_4_DL ELA",2020-10-30,78,"C+","2020-08-24 - 2020-10-30"
78102,50429262,"Brown","Maki","Jennifer Simmons","2021_KAP_4_SC_ELA",2020-10-30,61,"D-","2020-08-24 - 2020-10-30"
78102,50431918,"Weakley","Jashyra","Jennifer Simmons","2021_KAP_4_SC_ELA",2020-10-30,94,"A","2020-08-24 - 2020-10-30"
78102,50477353,"Mitchell","Alijah","Jennifer Simmons","2021_KAP_4_SC_ELA",2020-10-30,70,"C-","2020-08-24 - 2020-10-30"
78102,50505370,"Mathis","Kenvonte","Jennifer Simmons","2021_KAP_4_SC_ELA",2020-10-30,77,"C+","2020-08-24 - 2020-10-30"
78102,50532001,"Reese","Calvin","Jennifer Simmons","2021_KAP_4_SC_ELA",2020-10-30,89,"B+","2020-08-24 - 2020-10-30"
78102,50540932,"Hayes","Deasia","Jennifer Simmons","2021_KAP_4_SC_ELA",2020-10-30,81,"B-","2020-08-24 - 2020-10-30"
78102,50435103,"Wells","Destini","Jennifer Simmons","2021_KAP_4_SC_ELA",2020-10-30,72,"C-","2020-08-24 - 2020-10-30"
78102,50527586,"Wright","Aiden","Jennifer Simmons","2021_KAP_4_SC_ELA",2020-10-30,60,"D-","2020-08-24 - 2020-10-30"
78102,50411967,"Collins","Kamareon","Jennifer Simmons","2021_KAP_4_SC_ELA",2020-10-30,70,"C-","2020-08-24 - 2020-10-30"
78102,50411248,"Henderson","Marshon","Jennifer Simmons","2021_KAP_4_SC_ELA",2020-10-30,68,"D+","2020-08-24 - 2020-10-30"
78102,50588216,"Hamer","Caylin","Jennifer Simmons","2021_KAP_4_SC_ELA",2020-10-30,95,"A","2020-08-24 - 2020-10-30"
78102,50360015,"Redmond","Cayden","Jennifer Simmons","2021_KAP_4_SC_ELA",2020-10-30,70,"C-","2020-08-24 - 2020-10-30"
78102,50524679,"Nichols","Davonte","Kathleen O'Brien","2021_KAP_4_DL ELA",2020-10-30,81,"B-","2020-08-24 - 2020-10-30"
78102,50435284,"Harris","Nitram","Kathleen O'Brien","2021_KAP_4_DL ELA",2020-10-30,70,"C-","2020-08-24 - 2020-10-30"
78102,50409386,"Pearson","Kenstin","Jennifer Simmons","2021_KAP_4_SC_ELA",2020-10-30,70,"C-","2020-08-24 - 2020-10-30"
78102,50376858,"Ortiz","Isaly","Jennifer Simmons","2021_KAP_4_SC_ELA",2020-10-30,70,"C-","2020-08-24 - 2020-10-30"
78102,50441138,"Edwards-Hoskins","Yhazeer","Jennifer Simmons","2021_KAP_4_SC_ELA",2020-10-30,81,"B-","2020-08-24 - 2020-10-30"
78102,50424180,"Collier Jr","Devaun","Jennifer Simmons","2021_KAP_4_SC_ELA",2020-10-30,90,"A-","2020-08-24 - 2020-10-30"
78102,50610528,"Harmon","Amiaya","Jennifer Simmons","2021_KAP_4_SC_ELA",2020-10-30,64,"D","2020-08-24 - 2020-10-30"
78102,50449441,"Oliver","Jayden","Kathleen O'Brien","2021_KAP_4_DL ELA",2020-10-30,84,"B","2020-08-24 - 2020-10-30"
78102,50421569,"Keys","Carnetta","Jennifer Simmons","2021_KAP_4_SC_ELA",2020-10-30,73,"C","2020-08-24 - 2020-10-30"
78102,50402486,"Anderson","Erickah","Jennifer Simmons","2021_KAP_4_SC_ELA",2020-10-30,70,"C-","2020-08-24 - 2020-10-30"
78102,50546427,"Mosby","Ethan","Jennifer Simmons","2021_KAP_4_SC_ELA",2020-10-30,58,"F","2020-08-24 - 2020-10-30"
78102,50409644,"Stewart","Ari","Kathleen O'Brien","2021_KAP_4_DL ELA",2020-10-30,50,"F","2020-08-24 - 2020-10-30"
78102,50461310,"Williams","Keiree","Jennifer Simmons","2021_KAP_4_KU_ELA",2020-10-30,70,"C-","2020-08-24 - 2020-10-30"
78102,50318642,"Jones","Aden","Kathleen O'Brien","2021_KAP_4_DL ELA",2020-10-30,70,"C-","2020-08-24 - 2020-10-30"
78102,50346418,"Williams","Amya","Jennifer Simmons","2021_KAP_4_KU_ELA",2020-10-30,72,"C-","2020-08-24 - 2020-10-30"
78102,50379412,"Gardner","Andre","Kathleen O'Brien","2021_KAP_4_DL ELA",2020-10-30,84,"B","2020-08-24 - 2020-10-30"
78102,50392838,"Horton","Emoni","Jennifer Simmons","2021_KAP_4_KU_ELA",2020-10-30,78,"C+","2020-08-24 - 2020-10-30"
78102,50393851,"Bush","V`Rya","Jennifer Simmons","2021_KAP_4_KU_ELA",2020-10-30,54,"F","2020-08-24 - 2020-10-30"
78102,50413203,"Robinson","Randall","Jennifer Simmons","2021_KAP_4_KU_ELA",2020-10-30,80,"B-","2020-08-24 - 2020-10-30"
78102,50422834,"Johnson","Armani","Jennifer Simmons","2021_KAP_4_KU_ELA",2020-10-30,70,"C-","2020-08-24 - 2020-10-30"
78102,50490125,"McClain Jr.","Kelvin","Jennifer Simmons","2021_KAP_4_KU_ELA",2020-10-30,80,"B-","2020-08-24 - 2020-10-30"
78102,50505192,"Barber Jr","Terry","Jennifer Simmons","2021_KAP_4_KU_ELA",2020-10-30,70,"C-","2020-08-24 - 2020-10-30"
78102,50527088,"Doke III","Lorenzo","Jennifer Simmons","2021_KAP_4_KU_ELA",2020-10-30,70,"C-","2020-08-24 - 2020-10-30"
78102,50532000,"Dunlap","Thomas","Jennifer Simmons","2021_KAP_4_KU_ELA",2020-10-30,94,"A","2020-08-24 - 2020-10-30"
78102,50419258,"Johnson","Jamari","Jennifer Simmons","2021_KAP_4_KU_ELA",2020-10-30,70,"C-","2020-08-24 - 2020-10-30"
78102,50464384,"Jackson","Clayton","Jennifer Simmons","2021_KAP_4_KU_ELA",2020-10-30,70,"C-","2020-08-24 - 2020-10-30"
78102,50412171,"Carter","Amiyah","Jennifer Simmons","2021_KAP_4_KU_ELA",2020-10-30,89,"B+","2020-08-24 - 2020-10-30"
78102,50384517,"Windfield","Davonte","Jennifer Simmons","2021_KAP_4_KU_ELA",2020-10-30,92,"A-","2020-08-24 - 2020-10-30"
78102,50392745,"Williams Jr","Demone","Jennifer Simmons","2021_KAP_4_KU_ELA",2020-10-30,77,"C+","2020-08-24 - 2020-10-30"
78102,50407367,"Gray","KhaMani","Jennifer Simmons","2021_KAP_4_KU_ELA",2020-10-30,79,"C+","2020-08-24 - 2020-10-30"
78102,50407117,"Patrick","Jaynia","Jennifer Simmons","2021_KAP_4_KU_ELA",2020-10-30,52,"F","2020-08-24 - 2020-10-30"
78102,50407590,"Chatman","Nevaeh","Jennifer Simmons","2021_KAP_4_KU_ELA",2020-10-30,70,"C-","2020-08-24 - 2020-10-30"
78102,50623799,"Curtis","Taimar","Jennifer Simmons","2021_KAP_4_KU_ELA",2020-10-30,70,"C-","2020-08-24 - 2020-10-30"
78102,50713921,"Frausto","Avani","Jennifer Simmons","2021_KAP_4_KU_ELA",2020-10-30,89,"B+","2020-08-24 - 2020-10-30"
78102,50749797,"Newton","Amanni","Jennifer Simmons","2021_KAP_4_KU_ELA",2020-10-30,74,"C","2020-08-24 - 2020-10-30"
78102,50489904,"Underwood","Cormari","Kathleen O'Brien","2021_KAP_4_DL ELA",2020-10-30,58,"F","2020-08-24 - 2020-10-30"
78102,50586007,"Jackson","Ta'khylah","Jennifer Simmons","2021_KAP_4_KU_ELA",2020-10-30,92,"A-","2020-08-24 - 2020-10-30"
78102,50586013,"Jackson","Ta'khyah","Jennifer Simmons","2021_KAP_4_KU_ELA",2020-10-30,95,"A","2020-08-24 - 2020-10-30"
78102,50306730,"Bailey","Mariah","Jennifer Simmons","2021_KAP_4_KU_ELA",2020-10-30,70,"C-","2020-08-24 - 2020-10-30"
78102,50207948,"Campbell","Aaron","Kathleen O'Brien","2021_KAP_4_DL ELA",2020-10-30,77,"C+","2020-08-24 - 2020-10-30"
78102,50312224,"Gossitt","Dorian","Jennifer Simmons","2021_KAP_4_KU_ELA",2020-10-30,74,"C","2020-08-24 - 2020-10-30"
78102,50546067,"Hill","Demarion","Jennifer Simmons","2021_KAP_4_KU_ELA",2020-10-30,70,"C-","2020-08-24 - 2020-10-30"
78102,50416204,"Blanton","Jacobi","Jennifer Simmons","2021_KAP_4_KU_ELA",2020-10-30,79,"C+","2020-08-24 - 2020-10-30"
78102,50295475,"Evans","Ma'Liyah","Mia Falbe","2021_KAP_4_LUC_Literacy Centers",2020-10-30,85,"B","2020-08-24 - 2020-10-30"
78102,50324459,"Gray","Tiriyah","Mia Falbe","2021_KAP_4_LUC_Literacy Centers",2020-10-30,72,"C-","2020-08-24 - 2020-10-30"
78102,50340822,"Borders","Jaylen","Mia Falbe","2021_KAP_4_LUC_Literacy Centers",2020-10-30,84,"B","2020-08-24 - 2020-10-30"
78102,50377387,"Sneed","Jeremiah","Mia Falbe","2021_KAP_4_LUC_Literacy Centers",2020-10-30,87,"B+","2020-08-24 - 2020-10-30"
78102,50406603,"Price","Astarra","Mia Falbe","2021_KAP_4_LUC_Literacy Centers",2020-10-30,70,"C-","2020-08-24 - 2020-10-30"
78102,50409445,"Franklin","London","Mia Falbe","2021_KAP_4_LUC_Literacy Centers",2020-10-30,74,"C","2020-08-24 - 2020-10-30"
78102,50409873,"Lewis-Smith","London","Mia Falbe","2021_KAP_4_LUC_Literacy Centers",2020-10-30,88,"B+","2020-08-24 - 2020-10-30"
78102,50415573,"Rutledge","Laylah","Mia Falbe","2021_KAP_4_LUC_Literacy Centers",2020-10-30,80,"B-","2020-08-24 - 2020-10-30"
78102,50424941,"Guider","Samaye","Mia Falbe","2021_KAP_4_LUC_Literacy Centers",2020-10-30,70,"C-","2020-08-24 - 2020-10-30"
78102,50424946,"Guider","Simone","Mia Falbe","2021_KAP_4_LUC_Literacy Centers",2020-10-30,70,"C-","2020-08-24 - 2020-10-30"
78102,50443187,"Sharp","Victor","Mia Falbe","2021_KAP_4_LUC_Literacy Centers",2020-10-30,70,"C-","2020-08-24 - 2020-10-30"
78102,50448707,"Blanks","Karion","Mia Falbe","2021_KAP_4_LUC_Literacy Centers",2020-10-30,88,"B+","2020-08-24 - 2020-10-30"
78102,50496074,"Anderson-Harris","Jozlyn","Mia Falbe","2021_KAP_4_LUC_Literacy Centers",2020-10-30,91,"A-","2020-08-24 - 2020-10-30"
78102,50498500,"Franklin","Lloyd","Mia Falbe","2021_KAP_4_LUC_Literacy Centers",2020-10-30,79,"C+","2020-08-24 - 2020-10-30"
78102,50503067,"Branch","Ethan","Mia Falbe","2021_KAP_4_LUC_Literacy Centers",2020-10-30,98,"A+","2020-08-24 - 2020-10-30"
78102,50552315,"Thompson","London","Mia Falbe","2021_KAP_4_LUC_Literacy Centers",2020-10-30,63,"D","2020-08-24 - 2020-10-30"
78102,50364611,"Curtis","Joseph","Mia Falbe","2021_KAP_4_LUC_Literacy Centers",2020-10-30,73,"C","2020-08-24 - 2020-10-30"
78102,50416468,"Soto","Jayden","Mia Falbe","2021_KAP_4_LUC_Literacy Centers",2020-10-30,70,"C-","2020-08-24 - 2020-10-30"
78102,50470784,"Boyd","Jamarion","Mia Falbe","2021_KAP_4_LUC_Literacy Centers",2020-10-30,98,"A+","2020-08-24 - 2020-10-30"
78102,50539409,"Edwards","Autumn","Mia Falbe","2021_KAP_4_LUC_Literacy Centers",2020-10-30,96,"A","2020-08-24 - 2020-10-30"
78102,50585435,"Thompson","Demir","Mia Falbe","2021_KAP_4_LUC_Literacy Centers",2020-10-30,85,"B","2020-08-24 - 2020-10-30"
78102,50411849,"Milton","Kamya","Mia Falbe","2021_KAP_4_LUC_Literacy Centers",2020-10-30,76,"C","2020-08-24 - 2020-10-30"
78102,50515668,"Jones","Tramara","Mia Falbe","2021_KAP_4_LUC_Literacy Centers",2020-10-30,72,"C-","2020-08-24 - 2020-10-30"
78102,50460646,"Davis","Nakayla","Mia Falbe","2021_KAP_4_LUC_Literacy Centers",2020-10-30,85,"B","2020-08-24 - 2020-10-30"
78102,50356016,"Ford","Tairell","Mia Falbe","2021_KAP_4_LUC_Literacy Centers",2020-10-30,70,"C-","2020-08-24 - 2020-10-30"
78102,50721226,"Williams","Cadence","Mia Falbe","2021_KAP_4_LUC_Literacy Centers",2020-10-30,70,"C-","2020-08-24 - 2020-10-30"
78102,50364920,"Bowman","Alexzander","Mia Falbe","2021_KAP_4_LUC_Literacy Centers",2020-10-30,80,"B-","2020-08-24 - 2020-10-30"
78102,50501294,"Fields","Jaliyah","Mia Falbe","2021_KAP_4_LUC_Literacy Centers",2020-10-30,94,"A","2020-08-24 - 2020-10-30"
78102,50361377,"Harris","Jordan","Mia Falbe","2021_KAP_4_LUC_Literacy Centers",2020-10-30,82,"B-","2020-08-24 - 2020-10-30"
78102,50392929,"Butts","Dermarion","Mia Falbe","2021_KAP_4_LUC_Literacy Centers",2020-10-30,70,"C-","2020-08-24 - 2020-10-30"
78102,50552568,"Jenkins","Mark","Mia Falbe","2021_KAP_4_LUC_Literacy Centers",2020-10-30,75,"C","2020-08-24 - 2020-10-30"
78102,50461138,"Hozier","Deparrish","Mia Falbe","2021_KAP_4_CCC_Literacy Centers",2020-10-30,99,"A+","2020-08-24 - 2020-10-30"
78102,50463526,"Scott","Isiah","Mia Falbe","2021_KAP_4_CCC_Literacy Centers",2020-10-30,70,"C-","2020-08-24 - 2020-10-30"
78102,50309702,"Story","Janelle","Mia Falbe","2021_KAP_4_CCC_Literacy Centers",2020-10-30,95,"A","2020-08-24 - 2020-10-30"
78102,50325680,"Johnson","Timothy","Mia Falbe","2021_KAP_4_CCC_Literacy Centers",2020-10-30,93,"A-","2020-08-24 - 2020-10-30"
78102,50362971,"Carter","Zarion","Mia Falbe","2021_KAP_4_CCC_Literacy Centers",2020-10-30,70,"C-","2020-08-24 - 2020-10-30"
78102,50370654,"Sparks","Miracle","Mia Falbe","2021_KAP_4_CCC_Literacy Centers",2020-10-30,81,"B-","2020-08-24 - 2020-10-30"
78102,50434353,"Buie","Caleb","Mia Falbe","2021_KAP_4_CCC_Literacy Centers",2020-10-30,85,"B","2020-08-24 - 2020-10-30"
78102,50483221,"Yancy","Dashyia","Mia Falbe","2021_KAP_4_CCC_Literacy Centers",2020-10-30,71,"C-","2020-08-24 - 2020-10-30"
78102,50527140,"Holmes","Jamal","Mia Falbe","2021_KAP_4_CCC_Literacy Centers",2020-10-30,87,"B+","2020-08-24 - 2020-10-30"
78102,50550824,"McDonald","London","Mia Falbe","2021_KAP_4_CCC_Literacy Centers",2020-10-30,84,"B","2020-08-24 - 2020-10-30"
78102,50554866,"Williams","Javari","Mia Falbe","2021_KAP_4_CCC_Literacy Centers",2020-10-30,79,"C+","2020-08-24 - 2020-10-30"
78102,50384147,"Prince","Briyonna","Mia Falbe","2021_KAP_4_CCC_Literacy Centers",2020-10-30,86,"B","2020-08-24 - 2020-10-30"
78102,50416090,"Tates II","Maurice","Mia Falbe","2021_KAP_4_CCC_Literacy Centers",2020-10-30,74,"C","2020-08-24 - 2020-10-30"
78102,50406767,"Fuller","Heaven","Mia Falbe","2021_KAP_4_CCC_Literacy Centers",2020-10-30,83,"B","2020-08-24 - 2020-10-30"
78102,50478235,"Corethers","Nevillia","Mia Falbe","2021_KAP_4_CCC_Literacy Centers",2020-10-30,73,"C","2020-08-24 - 2020-10-30"
78102,50602830,"Scott","Frank","Mia Falbe","2021_KAP_4_CCC_Literacy Centers",2020-10-30,70,"C-","2020-08-24 - 2020-10-30"
78102,50415900,"Weatherall","Ashley","Mia Falbe","2021_KAP_4_CCC_Literacy Centers",2020-10-30,52,"F","2020-08-24 - 2020-10-30"
78102,50477312,"Hobbs","Miangel","Mia Falbe","2021_KAP_4_CCC_Literacy Centers",2020-10-30,70,"C-","2020-08-24 - 2020-10-30"
78102,50363051,"Petty","Patrice","Mia Falbe","2021_KAP_4_CCC_Literacy Centers",2020-10-30,70,"C-","2020-08-24 - 2020-10-30"
78102,50576443,"Crockett","Ryheam","Mia Falbe","2021_KAP_4_CCC_Literacy Centers",2020-10-30,61,"D-","2020-08-24 - 2020-10-30"
78102,50379920,"Petty","Gemika","Mia Falbe","2021_KAP_4_CCC_Literacy Centers",2020-10-30,82,"B-","2020-08-24 - 2020-10-30"
78102,50481249,"Bennett","Corey","Mia Falbe","2021_KAP_4_CCC_Literacy Centers",2020-10-30,70,"C-","2020-08-24 - 2020-10-30"
78102,50414575,"Brunt","Perry","Mia Falbe","2021_KAP_4_CCC_Literacy Centers",2020-10-30,83,"B","2020-08-24 - 2020-10-30"
78102,50411260,"Carter","Joshua","Mia Falbe","2021_KAP_4_CCC_Literacy Centers",2020-10-30,83,"B","2020-08-24 - 2020-10-30"
78102,50485788,"Brazil","Jmyah","Mia Falbe","2021_KAP_4_CCC_Literacy Centers",2020-10-30,70,"C-","2020-08-24 - 2020-10-30"
78102,50365027,"Heard","Di'Anna","Mia Falbe","2021_KAP_4_CCC_Literacy Centers",2020-10-30,80,"B-","2020-08-24 - 2020-10-30"
78102,50488753,"Olufeko","Oyinbola","Mia Falbe","2021_KAP_4_CCC_Literacy Centers",2020-10-30,88,"B+","2020-08-24 - 2020-10-30"
78102,50360595,"Taylor","Jamari","Mia Falbe","2021_KAP_4_SC_Literacy Centers",2020-10-30,70,"C-","2020-08-24 - 2020-10-30"
78102,50311888,"Dorn","D'kyrah","Mia Falbe","2021_KAP_4_SC_Literacy Centers",2020-10-30,75,"C","2020-08-24 - 2020-10-30"
78102,50319007,"Polk","Kaleigh","Mia Falbe","2021_KAP_4_SC_Literacy Centers",2020-10-30,90,"A-","2020-08-24 - 2020-10-30"
78102,50362065,"King","Bryan","Mia Falbe","2021_KAP_4_SC_Literacy Centers",2020-10-30,91,"A-","2020-08-24 - 2020-10-30"
78102,50374318,"Sipp","Amaria","Mia Falbe","2021_KAP_4_SC_Literacy Centers",2020-10-30,98,"A+","2020-08-24 - 2020-10-30"
78102,50377746,"Mason","Yara","Mia Falbe","2021_KAP_4_SC_Literacy Centers",2020-10-30,70,"C-","2020-08-24 - 2020-10-30"
78102,50415128,"Carson","Isaac","Mia Falbe","2021_KAP_4_SC_Literacy Centers",2020-10-30,90,"A-","2020-08-24 - 2020-10-30"
78102,50416227,"Turner","Daniyah","Mia Falbe","2021_KAP_4_SC_Literacy Centers",2020-10-30,73,"C","2020-08-24 - 2020-10-30"
78102,50429262,"Brown","Maki","Mia Falbe","2021_KAP_4_SC_Literacy Centers",2020-10-30,63,"D","2020-08-24 - 2020-10-30"
78102,50431918,"Weakley","Jashyra","Mia Falbe","2021_KAP_4_SC_Literacy Centers",2020-10-30,96,"A","2020-08-24 - 2020-10-30"
78102,50477353,"Mitchell","Alijah","Mia Falbe","2021_KAP_4_SC_Literacy Centers",2020-10-30,70,"C-","2020-08-24 - 2020-10-30"
78102,50505370,"Mathis","Kenvonte","Mia Falbe","2021_KAP_4_SC_Literacy Centers",2020-10-30,86,"B","2020-08-24 - 2020-10-30"
78102,50532001,"Reese","Calvin","Mia Falbe","2021_KAP_4_SC_Literacy Centers",2020-10-30,92,"A-","2020-08-24 - 2020-10-30"
78102,50540932,"Hayes","Deasia","Mia Falbe","2021_KAP_4_SC_Literacy Centers",2020-10-30,81,"B-","2020-08-24 - 2020-10-30"
78102,50435103,"Wells","Destini","Mia Falbe","2021_KAP_4_SC_Literacy Centers",2020-10-30,70,"C-","2020-08-24 - 2020-10-30"
78102,50527586,"Wright","Aiden","Mia Falbe","2021_KAP_4_SC_Literacy Centers",2020-10-30,59,"F","2020-08-24 - 2020-10-30"
78102,50411967,"Collins","Kamareon","Mia Falbe","2021_KAP_4_SC_Literacy Centers",2020-10-30,70,"C-","2020-08-24 - 2020-10-30"
78102,50411248,"Henderson","Marshon","Mia Falbe","2021_KAP_4_SC_Literacy Centers",2020-10-30,76,"C","2020-08-24 - 2020-10-30"
78102,50588216,"Hamer","Caylin","Mia Falbe","2021_KAP_4_SC_Literacy Centers",2020-10-30,96,"A","2020-08-24 - 2020-10-30"
78102,50360015,"Redmond","Cayden","Mia Falbe","2021_KAP_4_SC_Literacy Centers",2020-10-30,73,"C","2020-08-24 - 2020-10-30"
78102,50524679,"Nichols","Davonte","Mia Falbe","2021_KAP_4_SC_Literacy Centers",2020-10-30,73,"C","2020-08-24 - 2020-10-30"
78102,50435284,"Harris","Nitram","Mia Falbe","2021_KAP_4_SC_Literacy Centers",2020-10-30,70,"C-","2020-08-24 - 2020-10-30"
78102,50409386,"Pearson","Kenstin","Mia Falbe","2021_KAP_4_SC_Literacy Centers",2020-10-30,70,"C-","2020-08-24 - 2020-10-30"
78102,50376858,"Ortiz","Isaly","Mia Falbe","2021_KAP_4_SC_Literacy Centers",2020-10-30,70,"C-","2020-08-24 - 2020-10-30"
78102,50441138,"Edwards-Hoskins","Yhazeer","Mia Falbe","2021_KAP_4_SC_Literacy Centers",2020-10-30,91,"A-","2020-08-24 - 2020-10-30"
78102,50424180,"Collier Jr","Devaun","Mia Falbe","2021_KAP_4_SC_Literacy Centers",2020-10-30,93,"A-","2020-08-24 - 2020-10-30"
78102,50610528,"Harmon","Amiaya","Mia Falbe","2021_KAP_4_SC_Literacy Centers",2020-10-30,74,"C","2020-08-24 - 2020-10-30"
78102,50449441,"Oliver","Jayden","Mia Falbe","2021_KAP_4_SC_Literacy Centers",2020-10-30,73,"C","2020-08-24 - 2020-10-30"
78102,50421569,"Keys","Carnetta","Mia Falbe","2021_KAP_4_SC_Literacy Centers",2020-10-30,82,"B-","2020-08-24 - 2020-10-30"
78102,50402486,"Anderson","Erickah","Mia Falbe","2021_KAP_4_SC_Literacy Centers",2020-10-30,70,"C-","2020-08-24 - 2020-10-30"
78102,50546427,"Mosby","Ethan","Mia Falbe","2021_KAP_4_SC_Literacy Centers",2020-10-30,63,"D","2020-08-24 - 2020-10-30"
78102,50409644,"Stewart","Ari","Mia Falbe","2021_KAP_4_KU_Literacy Centers",2020-10-30,50,"F","2020-08-24 - 2020-10-30"
78102,50461310,"Williams","Keiree","Mia Falbe","2021_KAP_4_KU_Literacy Centers",2020-10-30,70,"C-","2020-08-24 - 2020-10-30"
78102,50318642,"Jones","Aden","Mia Falbe","2021_KAP_4_KU_Literacy Centers",2020-10-30,70,"C-","2020-08-24 - 2020-10-30"
78102,50346418,"Williams","Amya","Mia Falbe","2021_KAP_4_KU_Literacy Centers",2020-10-30,81,"B-","2020-08-24 - 2020-10-30"
78102,50379412,"Gardner","Andre","Mia Falbe","2021_KAP_4_KU_Literacy Centers",2020-10-30,70,"C-","2020-08-24 - 2020-10-30"
78102,50392838,"Horton","Emoni","Mia Falbe","2021_KAP_4_KU_Literacy Centers",2020-10-30,88,"B+","2020-08-24 - 2020-10-30"
78102,50393851,"Bush","V`Rya","Mia Falbe","2021_KAP_4_KU_Literacy Centers",2020-10-30,57,"F","2020-08-24 - 2020-10-30"
78102,50413203,"Robinson","Randall","Mia Falbe","2021_KAP_4_KU_Literacy Centers",2020-10-30,90,"A-","2020-08-24 - 2020-10-30"
78102,50422834,"Johnson","Armani","Mia Falbe","2021_KAP_4_KU_Literacy Centers",2020-10-30,70,"C-","2020-08-24 - 2020-10-30"
78102,50490125,"McClain Jr.","Kelvin","Mia Falbe","2021_KAP_4_KU_Literacy Centers",2020-10-30,88,"B+","2020-08-24 - 2020-10-30"
78102,50505192,"Barber Jr","Terry","Mia Falbe","2021_KAP_4_KU_Literacy Centers",2020-10-30,79,"C+","2020-08-24 - 2020-10-30"
78102,50527088,"Doke III","Lorenzo","Mia Falbe","2021_KAP_4_KU_Literacy Centers",2020-10-30,73,"C","2020-08-24 - 2020-10-30"
78102,50532000,"Dunlap","Thomas","Mia Falbe","2021_KAP_4_KU_Literacy Centers",2020-10-30,96,"A","2020-08-24 - 2020-10-30"
78102,50419258,"Johnson","Jamari","Mia Falbe","2021_KAP_4_KU_Literacy Centers",2020-10-30,70,"C-","2020-08-24 - 2020-10-30"
78102,50464384,"Jackson","Clayton","Mia Falbe","2021_KAP_4_KU_Literacy Centers",2020-10-30,70,"C-","2020-08-24 - 2020-10-30"
78102,50412171,"Carter","Amiyah","Mia Falbe","2021_KAP_4_KU_Literacy Centers",2020-10-30,83,"B","2020-08-24 - 2020-10-30"
78102,50384517,"Windfield","Davonte","Mia Falbe","2021_KAP_4_KU_Literacy Centers",2020-10-30,82,"B-","2020-08-24 - 2020-10-30"
78102,50392745,"Williams Jr","Demone","Mia Falbe","2021_KAP_4_KU_Literacy Centers",2020-10-30,82,"B-","2020-08-24 - 2020-10-30"
78102,50407367,"Gray","KhaMani","Mia Falbe","2021_KAP_4_KU_Literacy Centers",2020-10-30,79,"C+","2020-08-24 - 2020-10-30"
78102,50407117,"Patrick","Jaynia","Mia Falbe","2021_KAP_4_KU_Literacy Centers",2020-10-30,65,"D","2020-08-24 - 2020-10-30"
78102,50407590,"Chatman","Nevaeh","Mia Falbe","2021_KAP_4_KU_Literacy Centers",2020-10-30,71,"C-","2020-08-24 - 2020-10-30"
78102,50623799,"Curtis","Taimar","Mia Falbe","2021_KAP_4_KU_Literacy Centers",2020-10-30,72,"C-","2020-08-24 - 2020-10-30"
78102,50713921,"Frausto","Avani","Mia Falbe","2021_KAP_4_KU_Literacy Centers",2020-10-30,96,"A","2020-08-24 - 2020-10-30"
78102,50749797,"Newton","Amanni","Mia Falbe","2021_KAP_4_KU_Literacy Centers",2020-10-30,80,"B-","2020-08-24 - 2020-10-30"
78102,50489904,"Underwood","Cormari","Mia Falbe","2021_KAP_4_KU_Literacy Centers",2020-10-30,54,"F","2020-08-24 - 2020-10-30"
78102,50586007,"Jackson","Ta'khylah","Mia Falbe","2021_KAP_4_KU_Literacy Centers",2020-10-30,93,"A-","2020-08-24 - 2020-10-30"
78102,50586013,"Jackson","Ta'khyah","Mia Falbe","2021_KAP_4_KU_Literacy Centers",2020-10-30,100,"A+","2020-08-24 - 2020-10-30"
78102,50306730,"Bailey","Mariah","Mia Falbe","2021_KAP_4_KU_Literacy Centers",2020-10-30,70,"C-","2020-08-24 - 2020-10-30"
78102,50207948,"Campbell","Aaron","Mia Falbe","2021_KAP_4_KU_Literacy Centers",2020-10-30,81,"B-","2020-08-24 - 2020-10-30"
78102,50312224,"Gossitt","Dorian","Mia Falbe","2021_KAP_4_KU_Literacy Centers",2020-10-30,84,"B","2020-08-24 - 2020-10-30"
78102,50546067,"Hill","Demarion","Mia Falbe","2021_KAP_4_KU_Literacy Centers",2020-10-30,70,"C-","2020-08-24 - 2020-10-30"
78102,50416204,"Blanton","Jacobi","Mia Falbe","2021_KAP_4_KU_Literacy Centers",2020-10-30,82,"B-","2020-08-24 - 2020-10-30"
78102,50295475,"Evans","Ma'Liyah","Cristen Adams","2021_KAP_4_LUC_Math",2020-10-30,80,"B-","2020-08-24 - 2020-10-30"
78102,50324459,"Gray","Tiriyah","Cristen Adams","2021_KAP_4_LUC_Math",2020-10-30,71,"C-","2020-08-24 - 2020-10-30"
78102,50340822,"Borders","Jaylen","Cristen Adams","2021_KAP_4_LUC_Math",2020-10-30,87,"B+","2020-08-24 - 2020-10-30"
78102,50377387,"Sneed","Jeremiah","Cristen Adams","2021_KAP_4_LUC_Math",2020-10-30,70,"C-","2020-08-24 - 2020-10-30"
78102,50406603,"Price","Astarra","Cristen Adams","2021_KAP_4_LUC_Math",2020-10-30,70,"C-","2020-08-24 - 2020-10-30"
78102,50409445,"Franklin","London","Cristen Adams","2021_KAP_4_LUC_Math",2020-10-30,70,"C-","2020-08-24 - 2020-10-30"
78102,50409873,"Lewis-Smith","London","Cristen Adams","2021_KAP_4_LUC_Math",2020-10-30,81,"B-","2020-08-24 - 2020-10-30"
78102,50415573,"Rutledge","Laylah","Cristen Adams","2021_KAP_4_LUC_Math",2020-10-30,82,"B-","2020-08-24 - 2020-10-30"
78102,50424941,"Guider","Samaye","Cristen Adams","2021_KAP_4_LUC_Math",2020-10-30,77,"C+","2020-08-24 - 2020-10-30"
78102,50424946,"Guider","Simone","Cristen Adams","2021_KAP_4_LUC_Math",2020-10-30,70,"C-","2020-08-24 - 2020-10-30"
78102,50443187,"Sharp","Victor","Cristen Adams","2021_KAP_4_LUC_Math",2020-10-30,70,"C-","2020-08-24 - 2020-10-30"
78102,50448707,"Blanks","Karion","Cristen Adams","2021_KAP_4_LUC_Math",2020-10-30,74,"C","2020-08-24 - 2020-10-30"
78102,50496074,"Anderson-Harris","Jozlyn","Cristen Adams","2021_KAP_4_LUC_Math",2020-10-30,90,"A-","2020-08-24 - 2020-10-30"
78102,50498500,"Franklin","Lloyd","Cristen Adams","2021_KAP_4_LUC_Math",2020-10-30,71,"C-","2020-08-24 - 2020-10-30"
78102,50503067,"Branch","Ethan","Cristen Adams","2021_KAP_4_LUC_Math",2020-10-30,95,"A","2020-08-24 - 2020-10-30"
78102,50552315,"Thompson","London","Cristen Adams","2021_KAP_4_LUC_Math",2020-10-30,50,"F","2020-08-24 - 2020-10-30"
78102,50364611,"Curtis","Joseph","Cristen Adams","2021_KAP_4_LUC_Math",2020-10-30,70,"C-","2020-08-24 - 2020-10-30"
78102,50416468,"Soto","Jayden","Cristen Adams","2021_KAP_4_LUC_Math",2020-10-30,70,"C-","2020-08-24 - 2020-10-30"
78102,50470784,"Boyd","Jamarion","Cristen Adams","2021_KAP_4_LUC_Math",2020-10-30,83,"B","2020-08-24 - 2020-10-30"
78102,50539409,"Edwards","Autumn","Cristen Adams","2021_KAP_4_LUC_Math",2020-10-30,86,"B","2020-08-24 - 2020-10-30"
78102,50585435,"Thompson","Demir","Cristen Adams","2021_KAP_4_LUC_Math",2020-10-30,72,"C-","2020-08-24 - 2020-10-30"
78102,50411849,"Milton","Kamya","Cristen Adams","2021_KAP_4_LUC_Math",2020-10-30,70,"C-","2020-08-24 - 2020-10-30"
78102,50515668,"Jones","Tramara","Cristen Adams","2021_KAP_4_LUC_Math",2020-10-30,59,"F","2020-08-24 - 2020-10-30"
78102,50460646,"Davis","Nakayla","Cristen Adams","2021_KAP_4_LUC_Math",2020-10-30,70,"C-","2020-08-24 - 2020-10-30"
78102,50356016,"Ford","Tairell","Cristen Adams","2021_KAP_4_LUC_Math",2020-10-30,70,"C-","2020-08-24 - 2020-10-30"
78102,50721226,"Williams","Cadence","Cristen Adams","2021_KAP_4_LUC_Math",2020-10-30,70,"C-","2020-08-24 - 2020-10-30"
78102,50364920,"Bowman","Alexzander","Cristen Adams","2021_KAP_4_LUC_Math",2020-10-30,74,"C","2020-08-24 - 2020-10-30"
78102,50501294,"Fields","Jaliyah","Cristen Adams","2021_KAP_4_LUC_Math",2020-10-30,90,"A-","2020-08-24 - 2020-10-30"
78102,50361377,"Harris","Jordan","Cristen Adams","2021_KAP_4_LUC_Math",2020-10-30,71,"C-","2020-08-24 - 2020-10-30"
78102,50392929,"Butts","Dermarion","Cristen Adams","2021_KAP_4_LUC_Math",2020-10-30,70,"C-","2020-08-24 - 2020-10-30"
78102,50552568,"Jenkins","Mark","Cristen Adams","2021_KAP_4_LUC_Math",2020-10-30,70,"C-","2020-08-24 - 2020-10-30"
78102,50461138,"Hozier","Deparrish","Cristen Adams","2021_KAP_4_CCC_Math",2020-10-30,93,"A-","2020-08-24 - 2020-10-30"
78102,50463526,"Scott","Isiah","Cristen Adams","2021_KAP_4_CCC_Math",2020-10-30,70,"C-","2020-08-24 - 2020-10-30"
78102,50309702,"Story","Janelle","Cristen Adams","2021_KAP_4_CCC_Math",2020-10-30,86,"B","2020-08-24 - 2020-10-30"
78102,50325680,"Johnson","Timothy","Cristen Adams","2021_KAP_4_CCC_Math",2020-10-30,76,"C","2020-08-24 - 2020-10-30"
78102,50362971,"Carter","Zarion","Cristen Adams","2021_KAP_4_CCC_Math",2020-10-30,70,"C-","2020-08-24 - 2020-10-30"
78102,50370654,"Sparks","Miracle","Cristen Adams","2021_KAP_4_CCC_Math",2020-10-30,77,"C+","2020-08-24 - 2020-10-30"
78102,50434353,"Buie","Caleb","Cristen Adams","2021_KAP_4_CCC_Math",2020-10-30,87,"B+","2020-08-24 - 2020-10-30"
78102,50483221,"Yancy","Dashyia","Cristen Adams","2021_KAP_4_CCC_Math",2020-10-30,70,"C-","2020-08-24 - 2020-10-30"
78102,50527140,"Holmes","Jamal","Cristen Adams","2021_KAP_4_CCC_Math",2020-10-30,82,"B-","2020-08-24 - 2020-10-30"
78102,50550824,"McDonald","London","Cristen Adams","2021_KAP_4_CCC_Math",2020-10-30,85,"B","2020-08-24 - 2020-10-30"
78102,50554866,"Williams","Javari","Cristen Adams","2021_KAP_4_CCC_Math",2020-10-30,70,"C-","2020-08-24 - 2020-10-30"
78102,50384147,"Prince","Briyonna","Cristen Adams","2021_KAP_4_CCC_Math",2020-10-30,75,"C","2020-08-24 - 2020-10-30"
78102,50416090,"Tates II","Maurice","Cristen Adams","2021_KAP_4_CCC_Math",2020-10-30,70,"C-","2020-08-24 - 2020-10-30"
78102,50406767,"Fuller","Heaven","Cristen Adams","2021_KAP_4_CCC_Math",2020-10-30,78,"C+","2020-08-24 - 2020-10-30"
78102,50478235,"Corethers","Nevillia","Cristen Adams","2021_KAP_4_CCC_Math",2020-10-30,70,"C-","2020-08-24 - 2020-10-30"
78102,50602830,"Scott","Frank","Cristen Adams","2021_KAP_4_CCC_Math",2020-10-30,70,"C-","2020-08-24 - 2020-10-30"
78102,50415900,"Weatherall","Ashley","Cristen Adams","2021_KAP_4_CCC_Math",2020-10-30,54,"F","2020-08-24 - 2020-10-30"
78102,50477312,"Hobbs","Miangel","Cristen Adams","2021_KAP_4_CCC_Math",2020-10-30,70,"C-","2020-08-24 - 2020-10-30"
78102,50363051,"Petty","Patrice","Cristen Adams","2021_KAP_4_CCC_Math",2020-10-30,74,"C","2020-08-24 - 2020-10-30"
78102,50576443,"Crockett","Ryheam","Cristen Adams","2021_KAP_4_CCC_Math",2020-10-30,58,"F","2020-08-24 - 2020-10-30"
78102,50379920,"Petty","Gemika","Cristen Adams","2021_KAP_4_CCC_Math",2020-10-30,87,"B+","2020-08-24 - 2020-10-30"
78102,50481249,"Bennett","Corey","Cristen Adams","2021_KAP_4_CCC_Math",2020-10-30,70,"C-","2020-08-24 - 2020-10-30"
78102,50414575,"Brunt","Perry","Cristen Adams","2021_KAP_4_CCC_Math",2020-10-30,75,"C","2020-08-24 - 2020-10-30"
78102,50411260,"Carter","Joshua","Cristen Adams","2021_KAP_4_CCC_Math",2020-10-30,84,"B","2020-08-24 - 2020-10-30"
78102,50485788,"Brazil","Jmyah","Cristen Adams","2021_KAP_4_CCC_Math",2020-10-30,70,"C-","2020-08-24 - 2020-10-30"
78102,50365027,"Heard","Di'Anna","Cristen Adams","2021_KAP_4_CCC_Math",2020-10-30,73,"C","2020-08-24 - 2020-10-30"
78102,50488753,"Olufeko","Oyinbola","Cristen Adams","2021_KAP_4_CCC_Math",2020-10-30,87,"B+","2020-08-24 - 2020-10-30"
78102,50360595,"Taylor","Jamari","Cristen Adams","2021_KAP_4_SC_Math",2020-10-30,70,"C-","2020-08-24 - 2020-10-30"
78102,50311888,"Dorn","D'kyrah","Cristen Adams","2021_KAP_4_SC_Math",2020-10-30,72,"C-","2020-08-24 - 2020-10-30"
78102,50319007,"Polk","Kaleigh","Cristen Adams","2021_KAP_4_SC_Math",2020-10-30,76,"C","2020-08-24 - 2020-10-30"
78102,50362065,"King","Bryan","Cristen Adams","2021_KAP_4_SC_Math",2020-10-30,84,"B","2020-08-24 - 2020-10-30"
78102,50374318,"Sipp","Amaria","Cristen Adams","2021_KAP_4_SC_Math",2020-10-30,85,"B","2020-08-24 - 2020-10-30"
78102,50377746,"Mason","Yara","Cristen Adams","2021_KAP_4_SC_Math",2020-10-30,70,"C-","2020-08-24 - 2020-10-30"
78102,50415128,"Carson","Isaac","Cristen Adams","2021_KAP_4_SC_Math",2020-10-30,90,"A-","2020-08-24 - 2020-10-30"
78102,50416227,"Turner","Daniyah","Kathleen O'Brien","2021_KAP_4_DL Math",2020-10-30,74,"C","2020-08-24 - 2020-10-30"
78102,50429262,"Brown","Maki","Cristen Adams","2021_KAP_4_SC_Math",2020-10-30,57,"F","2020-08-24 - 2020-10-30"
78102,50431918,"Weakley","Jashyra","Cristen Adams","2021_KAP_4_SC_Math",2020-10-30,82,"B-","2020-08-24 - 2020-10-30"
78102,50477353,"Mitchell","Alijah","Cristen Adams","2021_KAP_4_SC_Math",2020-10-30,70,"C-","2020-08-24 - 2020-10-30"
78102,50505370,"Mathis","Kenvonte","Cristen Adams","2021_KAP_4_SC_Math",2020-10-30,71,"C-","2020-08-24 - 2020-10-30"
78102,50532001,"Reese","Calvin","Cristen Adams","2021_KAP_4_SC_Math",2020-10-30,86,"B","2020-08-24 - 2020-10-30"
78102,50540932,"Hayes","Deasia","Cristen Adams","2021_KAP_4_SC_Math",2020-10-30,74,"C","2020-08-24 - 2020-10-30"
78102,50435103,"Wells","Destini","Cristen Adams","2021_KAP_4_SC_Math",2020-10-30,72,"C-","2020-08-24 - 2020-10-30"
78102,50527586,"Wright","Aiden","Cristen Adams","2021_KAP_4_SC_Math",2020-10-30,63,"D","2020-08-24 - 2020-10-30"
78102,50411967,"Collins","Kamareon","Cristen Adams","2021_KAP_4_SC_Math",2020-10-30,70,"C-","2020-08-24 - 2020-10-30"
78102,50411248,"Henderson","Marshon","Cristen Adams","2021_KAP_4_SC_Math",2020-10-30,65,"D","2020-08-24 - 2020-10-30"
78102,50588216,"Hamer","Caylin","Cristen Adams","2021_KAP_4_SC_Math",2020-10-30,98,"A+","2020-08-24 - 2020-10-30"
78102,50360015,"Redmond","Cayden","Cristen Adams","2021_KAP_4_SC_Math",2020-10-30,74,"C","2020-08-24 - 2020-10-30"
78102,50524679,"Nichols","Davonte","Kathleen O'Brien","2021_KAP_4_DL Math",2020-10-30,83,"B","2020-08-24 - 2020-10-30"
78102,50435284,"Harris","Nitram","Kathleen O'Brien","2021_KAP_4_DL Math",2020-10-30,70,"C-","2020-08-24 - 2020-10-30"
78102,50409386,"Pearson","Kenstin","Cristen Adams","2021_KAP_4_SC_Math",2020-10-30,70,"C-","2020-08-24 - 2020-10-30"
78102,50376858,"Ortiz","Isaly","Cristen Adams","2021_KAP_4_SC_Math",2020-10-30,70,"C-","2020-08-24 - 2020-10-30"
78102,50441138,"Edwards-Hoskins","Yhazeer","Cristen Adams","2021_KAP_4_SC_Math",2020-10-30,75,"C","2020-08-24 - 2020-10-30"
78102,50424180,"Collier Jr","Devaun","Cristen Adams","2021_KAP_4_SC_Math",2020-10-30,90,"A-","2020-08-24 - 2020-10-30"
78102,50610528,"Harmon","Amiaya","Cristen Adams","2021_KAP_4_SC_Math",2020-10-30,65,"D","2020-08-24 - 2020-10-30"
78102,50449441,"Oliver","Jayden","Kathleen O'Brien","2021_KAP_4_DL Math",2020-10-30,74,"C","2020-08-24 - 2020-10-30"
78102,50421569,"Keys","Carnetta","Cristen Adams","2021_KAP_4_SC_Math",2020-10-30,70,"C-","2020-08-24 - 2020-10-30"
78102,50402486,"Anderson","Erickah","Cristen Adams","2021_KAP_4_SC_Math",2020-10-30,70,"C-","2020-08-24 - 2020-10-30"
78102,50546427,"Mosby","Ethan","Cristen Adams","2021_KAP_4_SC_Math",2020-10-30,60,"D-","2020-08-24 - 2020-10-30"
78102,50409644,"Stewart","Ari","Kathleen O'Brien","2021_KAP_4_DL Math",2020-10-30,50,"F","2020-08-24 - 2020-10-30"
78102,50461310,"Williams","Keiree","Cristen Adams","2021_KAP_4_KU_Math",2020-10-30,70,"C-","2020-08-24 - 2020-10-30"
78102,50318642,"Jones","Aden","Kathleen O'Brien","2021_KAP_4_DL Math",2020-10-30,70,"C-","2020-08-24 - 2020-10-30"
78102,50346418,"Williams","Amya","Cristen Adams","2021_KAP_4_KU_Math",2020-10-30,77,"C+","2020-08-24 - 2020-10-30"
78102,50379412,"Gardner","Andre","Kathleen O'Brien","2021_KAP_4_DL Math",2020-10-30,78,"C+","2020-08-24 - 2020-10-30"
78102,50392838,"Horton","Emoni","Cristen Adams","2021_KAP_4_KU_Math",2020-10-30,81,"B-","2020-08-24 - 2020-10-30"
78102,50393851,"Bush","V`Rya","Cristen Adams","2021_KAP_4_KU_Math",2020-10-30,62,"D-","2020-08-24 - 2020-10-30"
78102,50413203,"Robinson","Randall","Cristen Adams","2021_KAP_4_KU_Math",2020-10-30,76,"C","2020-08-24 - 2020-10-30"
78102,50422834,"Johnson","Armani","Cristen Adams","2021_KAP_4_KU_Math",2020-10-30,70,"C-","2020-08-24 - 2020-10-30"
78102,50490125,"McClain Jr.","Kelvin","Cristen Adams","2021_KAP_4_KU_Math",2020-10-30,79,"C+","2020-08-24 - 2020-10-30"
78102,50505192,"Barber Jr","Terry","Cristen Adams","2021_KAP_4_KU_Math",2020-10-30,70,"C-","2020-08-24 - 2020-10-30"
78102,50527088,"Doke III","Lorenzo","Cristen Adams","2021_KAP_4_KU_Math",2020-10-30,70,"C-","2020-08-24 - 2020-10-30"
78102,50532000,"Dunlap","Thomas","Cristen Adams","2021_KAP_4_KU_Math",2020-10-30,91,"A-","2020-08-24 - 2020-10-30"
78102,50419258,"Johnson","Jamari","Cristen Adams","2021_KAP_4_KU_Math",2020-10-30,70,"C-","2020-08-24 - 2020-10-30"
78102,50464384,"Jackson","Clayton","Cristen Adams","2021_KAP_4_KU_Math",2020-10-30,70,"C-","2020-08-24 - 2020-10-30"
78102,50412171,"Carter","Amiyah","Cristen Adams","2021_KAP_4_KU_Math",2020-10-30,83,"B","2020-08-24 - 2020-10-30"
78102,50384517,"Windfield","Davonte","Cristen Adams","2021_KAP_4_KU_Math",2020-10-30,80,"B-","2020-08-24 - 2020-10-30"
78102,50392745,"Williams Jr","Demone","Cristen Adams","2021_KAP_4_KU_Math",2020-10-30,79,"C+","2020-08-24 - 2020-10-30"
78102,50407367,"Gray","KhaMani","Cristen Adams","2021_KAP_4_KU_Math",2020-10-30,77,"C+","2020-08-24 - 2020-10-30"
78102,50407117,"Patrick","Jaynia","Cristen Adams","2021_KAP_4_KU_Math",2020-10-30,53,"F","2020-08-24 - 2020-10-30"
78102,50407590,"Chatman","Nevaeh","Cristen Adams","2021_KAP_4_KU_Math",2020-10-30,70,"C-","2020-08-24 - 2020-10-30"
78102,50623799,"Curtis","Taimar","Cristen Adams","2021_KAP_4_KU_Math",2020-10-30,72,"C-","2020-08-24 - 2020-10-30"
78102,50713921,"Frausto","Avani","Cristen Adams","2021_KAP_4_KU_Math",2020-10-30,92,"A-","2020-08-24 - 2020-10-30"
78102,50749797,"Newton","Amanni","Cristen Adams","2021_KAP_4_KU_Math",2020-10-30,70,"C-","2020-08-24 - 2020-10-30"
78102,50489904,"Underwood","Cormari","Kathleen O'Brien","2021_KAP_4_DL Math",2020-10-30,59,"F","2020-08-24 - 2020-10-30"
78102,50586007,"Jackson","Ta'khylah","Cristen Adams","2021_KAP_4_KU_Math",2020-10-30,83,"B","2020-08-24 - 2020-10-30"
78102,50586013,"Jackson","Ta'khyah","Cristen Adams","2021_KAP_4_KU_Math",2020-10-30,91,"A-","2020-08-24 - 2020-10-30"
78102,50306730,"Bailey","Mariah","Cristen Adams","2021_KAP_4_KU_Math",2020-10-30,70,"C-","2020-08-24 - 2020-10-30"
78102,50207948,"Campbell","Aaron","Kathleen O'Brien","2021_KAP_4_DL Math",2020-10-30,81,"B-","2020-08-24 - 2020-10-30"
78102,50312224,"Gossitt","Dorian","Cristen Adams","2021_KAP_4_KU_Math",2020-10-30,70,"C-","2020-08-24 - 2020-10-30"
78102,50546067,"Hill","Demarion","Cristen Adams","2021_KAP_4_KU_Math",2020-10-30,70,"C-","2020-08-24 - 2020-10-30"
78102,50416204,"Blanton","Jacobi","Cristen Adams","2021_KAP_4_KU_Math",2020-10-30,84,"B","2020-08-24 - 2020-10-30"
78102,50295475,"Evans","Ma'Liyah","Ivory Smith","2021_KAP_4_LUC_Science",2020-10-30,88,"B+","2020-08-24 - 2020-10-30"
78102,50324459,"Gray","Tiriyah","Ivory Smith","2021_KAP_4_LUC_Science",2020-10-30,72,"C-","2020-08-24 - 2020-10-30"
78102,50340822,"Borders","Jaylen","Ivory Smith","2021_KAP_4_LUC_Science",2020-10-30,91,"A-","2020-08-24 - 2020-10-30"
78102,50377387,"Sneed","Jeremiah","Ivory Smith","2021_KAP_4_LUC_Science",2020-10-30,70,"C-","2020-08-24 - 2020-10-30"
78102,50406603,"Price","Astarra","Ivory Smith","2021_KAP_4_LUC_Science",2020-10-30,77,"C+","2020-08-24 - 2020-10-30"
78102,50409445,"Franklin","London","Ivory Smith","2021_KAP_4_LUC_Science",2020-10-30,70,"C-","2020-08-24 - 2020-10-30"
78102,50409873,"Lewis-Smith","London","Ivory Smith","2021_KAP_4_LUC_Science",2020-10-30,91,"A-","2020-08-24 - 2020-10-30"
78102,50415573,"Rutledge","Laylah","Ivory Smith","2021_KAP_4_LUC_Science",2020-10-30,94,"A","2020-08-24 - 2020-10-30"
78102,50424941,"Guider","Samaye","Ivory Smith","2021_KAP_4_LUC_Science",2020-10-30,90,"A-","2020-08-24 - 2020-10-30"
78102,50424946,"Guider","Simone","Ivory Smith","2021_KAP_4_LUC_Science",2020-10-30,82,"B-","2020-08-24 - 2020-10-30"
78102,50443187,"Sharp","Victor","Ivory Smith","2021_KAP_4_LUC_Science",2020-10-30,70,"C-","2020-08-24 - 2020-10-30"
78102,50448707,"Blanks","Karion","Ivory Smith","2021_KAP_4_LUC_Science",2020-10-30,70,"C-","2020-08-24 - 2020-10-30"
78102,50496074,"Anderson-Harris","Jozlyn","Ivory Smith","2021_KAP_4_LUC_Science",2020-10-30,90,"A-","2020-08-24 - 2020-10-30"
78102,50498500,"Franklin","Lloyd","Ivory Smith","2021_KAP_4_LUC_Science",2020-10-30,70,"C-","2020-08-24 - 2020-10-30"
78102,50503067,"Branch","Ethan","Ivory Smith","2021_KAP_4_LUC_Science",2020-10-30,96,"A","2020-08-24 - 2020-10-30"
78102,50552315,"Thompson","London","Ivory Smith","2021_KAP_4_LUC_Science",2020-10-30,50,"F","2020-08-24 - 2020-10-30"
78102,50364611,"Curtis","Joseph","Ivory Smith","2021_KAP_4_LUC_Science",2020-10-30,70,"C-","2020-08-24 - 2020-10-30"
78102,50416468,"Soto","Jayden","Ivory Smith","2021_KAP_4_LUC_Science",2020-10-30,70,"C-","2020-08-24 - 2020-10-30"
78102,50470784,"Boyd","Jamarion","Ivory Smith","2021_KAP_4_LUC_Science",2020-10-30,89,"B+","2020-08-24 - 2020-10-30"
78102,50539409,"Edwards","Autumn","Ivory Smith","2021_KAP_4_LUC_Science",2020-10-30,88,"B+","2020-08-24 - 2020-10-30"
78102,50585435,"Thompson","Demir","Ivory Smith","2021_KAP_4_LUC_Science",2020-10-30,70,"C-","2020-08-24 - 2020-10-30"
78102,50411849,"Milton","Kamya","Ivory Smith","2021_KAP_4_LUC_Science",2020-10-30,90,"A-","2020-08-24 - 2020-10-30"
78102,50515668,"Jones","Tramara","Ivory Smith","2021_KAP_4_LUC_Science",2020-10-30,50,"F","2020-08-24 - 2020-10-30"
78102,50460646,"Davis","Nakayla","Ivory Smith","2021_KAP_4_LUC_Science",2020-10-30,70,"C-","2020-08-24 - 2020-10-30"
78102,50356016,"Ford","Tairell","Ivory Smith","2021_KAP_4_LUC_Science",2020-10-30,70,"C-","2020-08-24 - 2020-10-30"
78102,50721226,"Williams","Cadence","Ivory Smith","2021_KAP_4_LUC_Science",2020-10-30,70,"C-","2020-08-24 - 2020-10-30"
78102,50364920,"Bowman","Alexzander","Ivory Smith","2021_KAP_4_LUC_Science",2020-10-30,77,"C+","2020-08-24 - 2020-10-30"
78102,50501294,"Fields","Jaliyah","Ivory Smith","2021_KAP_4_LUC_Science",2020-10-30,96,"A","2020-08-24 - 2020-10-30"
78102,50361377,"Harris","Jordan","Ivory Smith","2021_KAP_4_LUC_Science",2020-10-30,70,"C-","2020-08-24 - 2020-10-30"
78102,50392929,"Butts","Dermarion","Ivory Smith","2021_KAP_4_LUC_Science",2020-10-30,70,"C-","2020-08-24 - 2020-10-30"
78102,50552568,"Jenkins","Mark","Ivory Smith","2021_KAP_4_LUC_Science",2020-10-30,87,"B+","2020-08-24 - 2020-10-30"
78102,50461138,"Hozier","Deparrish","Ivory Smith","2021_KAP_4_CCC_Science",2020-10-30,95,"A","2020-08-24 - 2020-10-30"
78102,50463526,"Scott","Isiah","Ivory Smith","2021_KAP_4_CCC_Science",2020-10-30,77,"C+","2020-08-24 - 2020-10-30"
78102,50309702,"Story","Janelle","Ivory Smith","2021_KAP_4_CCC_Science",2020-10-30,70,"C-","2020-08-24 - 2020-10-30"
78102,50325680,"Johnson","Timothy","Ivory Smith","2021_KAP_4_CCC_Science",2020-10-30,85,"B","2020-08-24 - 2020-10-30"
78102,50362971,"Carter","Zarion","Ivory Smith","2021_KAP_4_CCC_Science",2020-10-30,70,"C-","2020-08-24 - 2020-10-30"
78102,50370654,"Sparks","Miracle","Ivory Smith","2021_KAP_4_CCC_Science",2020-10-30,79,"C+","2020-08-24 - 2020-10-30"
78102,50434353,"Buie","Caleb","Ivory Smith","2021_KAP_4_CCC_Science",2020-10-30,83,"B","2020-08-24 - 2020-10-30"
78102,50483221,"Yancy","Dashyia","Ivory Smith","2021_KAP_4_CCC_Science",2020-10-30,70,"C-","2020-08-24 - 2020-10-30"
78102,50527140,"Holmes","Jamal","Ivory Smith","2021_KAP_4_CCC_Science",2020-10-30,80,"B-","2020-08-24 - 2020-10-30"
78102,50550824,"McDonald","London","Ivory Smith","2021_KAP_4_CCC_Science",2020-10-30,79,"C+","2020-08-24 - 2020-10-30"
78102,50554866,"Williams","Javari","Ivory Smith","2021_KAP_4_CCC_Science",2020-10-30,70,"C-","2020-08-24 - 2020-10-30"
78102,50384147,"Prince","Briyonna","Ivory Smith","2021_KAP_4_CCC_Science",2020-10-30,84,"B","2020-08-24 - 2020-10-30"
78102,50416090,"Tates II","Maurice","Ivory Smith","2021_KAP_4_CCC_Science",2020-10-30,70,"C-","2020-08-24 - 2020-10-30"
78102,50406767,"Fuller","Heaven","Ivory Smith","2021_KAP_4_CCC_Science",2020-10-30,74,"C","2020-08-24 - 2020-10-30"
78102,50478235,"Corethers","Nevillia","Ivory Smith","2021_KAP_4_CCC_Science",2020-10-30,76,"C","2020-08-24 - 2020-10-30"
78102,50602830,"Scott","Frank","Ivory Smith","2021_KAP_4_CCC_Science",2020-10-30,70,"C-","2020-08-24 - 2020-10-30"
78102,50415900,"Weatherall","Ashley","Ivory Smith","2021_KAP_4_CCC_Science",2020-10-30,50,"F","2020-08-24 - 2020-10-30"
78102,50477312,"Hobbs","Miangel","Ivory Smith","2021_KAP_4_CCC_Science",2020-10-30,75,"C","2020-08-24 - 2020-10-30"
78102,50363051,"Petty","Patrice","Ivory Smith","2021_KAP_4_CCC_Science",2020-10-30,84,"B","2020-08-24 - 2020-10-30"
78102,50576443,"Crockett","Ryheam","Ivory Smith","2021_KAP_4_CCC_Science",2020-10-30,72,"C-","2020-08-24 - 2020-10-30"
78102,50379920,"Petty","Gemika","Ivory Smith","2021_KAP_4_CCC_Science",2020-10-30,82,"B-","2020-08-24 - 2020-10-30"
78102,50481249,"Bennett","Corey","Ivory Smith","2021_KAP_4_CCC_Science",2020-10-30,70,"C-","2020-08-24 - 2020-10-30"
78102,50414575,"Brunt","Perry","Ivory Smith","2021_KAP_4_CCC_Science",2020-10-30,70,"C-","2020-08-24 - 2020-10-30"
78102,50411260,"Carter","Joshua","Ivory Smith","2021_KAP_4_CCC_Science",2020-10-30,77,"C+","2020-08-24 - 2020-10-30"
78102,50485788,"Brazil","Jmyah","Ivory Smith","2021_KAP_4_CCC_Science",2020-10-30,75,"C","2020-08-24 - 2020-10-30"
78102,50365027,"Heard","Di'Anna","Ivory Smith","2021_KAP_4_CCC_Science",2020-10-30,74,"C","2020-08-24 - 2020-10-30"
78102,50488753,"Olufeko","Oyinbola","Ivory Smith","2021_KAP_4_CCC_Science",2020-10-30,95,"A","2020-08-24 - 2020-10-30"
78102,50360595,"Taylor","Jamari","Ivory Smith","2021_KAP_4_SC_Science",2020-10-30,70,"C-","2020-08-24 - 2020-10-30"
78102,50311888,"Dorn","D'kyrah","Ivory Smith","2021_KAP_4_SC_Science",2020-10-30,70,"C-","2020-08-24 - 2020-10-30"
78102,50319007,"Polk","Kaleigh","Ivory Smith","2021_KAP_4_SC_Science",2020-10-30,84,"B","2020-08-24 - 2020-10-30"
78102,50362065,"King","Bryan","Ivory Smith","2021_KAP_4_SC_Science",2020-10-30,86,"B","2020-08-24 - 2020-10-30"
78102,50374318,"Sipp","Amaria","Ivory Smith","2021_KAP_4_SC_Science",2020-10-30,89,"B+","2020-08-24 - 2020-10-30"
78102,50377746,"Mason","Yara","Ivory Smith","2021_KAP_4_SC_Science",2020-10-30,70,"C-","2020-08-24 - 2020-10-30"
78102,50415128,"Carson","Isaac","Ivory Smith","2021_KAP_4_SC_Science",2020-10-30,84,"B","2020-08-24 - 2020-10-30"
78102,50416227,"Turner","Daniyah","Ivory Smith","2021_KAP_4_SC_Science",2020-10-30,82,"B-","2020-08-24 - 2020-10-30"
78102,50429262,"Brown","Maki","Ivory Smith","2021_KAP_4_SC_Science",2020-10-30,56,"F","2020-08-24 - 2020-10-30"
78102,50431918,"Weakley","Jashyra","Ivory Smith","2021_KAP_4_SC_Science",2020-10-30,77,"C+","2020-08-24 - 2020-10-30"
78102,50477353,"Mitchell","Alijah","Ivory Smith","2021_KAP_4_SC_Science",2020-10-30,71,"C-","2020-08-24 - 2020-10-30"
78102,50505370,"Mathis","Kenvonte","Ivory Smith","2021_KAP_4_SC_Science",2020-10-30,70,"C-","2020-08-24 - 2020-10-30"
78102,50532001,"Reese","Calvin","Ivory Smith","2021_KAP_4_SC_Science",2020-10-30,81,"B-","2020-08-24 - 2020-10-30"
78102,50540932,"Hayes","Deasia","Ivory Smith","2021_KAP_4_SC_Science",2020-10-30,77,"C+","2020-08-24 - 2020-10-30"
78102,50435103,"Wells","Destini","Ivory Smith","2021_KAP_4_SC_Science",2020-10-30,72,"C-","2020-08-24 - 2020-10-30"
78102,50527586,"Wright","Aiden","Ivory Smith","2021_KAP_4_SC_Science",2020-10-30,69,"D+","2020-08-24 - 2020-10-30"
78102,50411967,"Collins","Kamareon","Ivory Smith","2021_KAP_4_SC_Science",2020-10-30,70,"C-","2020-08-24 - 2020-10-30"
78102,50411248,"Henderson","Marshon","Ivory Smith","2021_KAP_4_SC_Science",2020-10-30,50,"F","2020-08-24 - 2020-10-30"
78102,50588216,"Hamer","Caylin","Ivory Smith","2021_KAP_4_SC_Science",2020-10-30,87,"B+","2020-08-24 - 2020-10-30"
78102,50360015,"Redmond","Cayden","Ivory Smith","2021_KAP_4_SC_Science",2020-10-30,70,"C-","2020-08-24 - 2020-10-30"
78102,50524679,"Nichols","Davonte","Ivory Smith","2021_KAP_4_SC_Science",2020-10-30,85,"B","2020-08-24 - 2020-10-30"
78102,50435284,"Harris","Nitram","Ivory Smith","2021_KAP_4_SC_Science",2020-10-30,70,"C-","2020-08-24 - 2020-10-30"
78102,50409386,"Pearson","Kenstin","Ivory Smith","2021_KAP_4_SC_Science",2020-10-30,70,"C-","2020-08-24 - 2020-10-30"
78102,50376858,"Ortiz","Isaly","Ivory Smith","2021_KAP_4_SC_Science",2020-10-30,75,"C","2020-08-24 - 2020-10-30"
78102,50441138,"Edwards-Hoskins","Yhazeer","Ivory Smith","2021_KAP_4_SC_Science",2020-10-30,77,"C+","2020-08-24 - 2020-10-30"
78102,50424180,"Collier Jr","Devaun","Ivory Smith","2021_KAP_4_SC_Science",2020-10-30,88,"B+","2020-08-24 - 2020-10-30"
78102,50610528,"Harmon","Amiaya","Ivory Smith","2021_KAP_4_SC_Science",2020-10-30,77,"C+","2020-08-24 - 2020-10-30"
78102,50449441,"Oliver","Jayden","Ivory Smith","2021_KAP_4_SC_Science",2020-10-30,70,"C-","2020-08-24 - 2020-10-30"
78102,50421569,"Keys","Carnetta","Ivory Smith","2021_KAP_4_SC_Science",2020-10-30,75,"C","2020-08-24 - 2020-10-30"
78102,50402486,"Anderson","Erickah","Ivory Smith","2021_KAP_4_SC_Science",2020-10-30,70,"C-","2020-08-24 - 2020-10-30"
78102,50546427,"Mosby","Ethan","Ivory Smith","2021_KAP_4_SC_Science",2020-10-30,50,"F","2020-08-24 - 2020-10-30"
78102,50409644,"Stewart","Ari","Ivory Smith","2021_KAP_4_KU_Science",2020-10-30,50,"F","2020-08-24 - 2020-10-30"
78102,50461310,"Williams","Keiree","Ivory Smith","2021_KAP_4_KU_Science",2020-10-30,70,"C-","2020-08-24 - 2020-10-30"
78102,50318642,"Jones","Aden","Ivory Smith","2021_KAP_4_KU_Science",2020-10-30,70,"C-","2020-08-24 - 2020-10-30"
78102,50346418,"Williams","Amya","Ivory Smith","2021_KAP_4_KU_Science",2020-10-30,92,"A-","2020-08-24 - 2020-10-30"
78102,50379412,"Gardner","Andre","Ivory Smith","2021_KAP_4_KU_Science",2020-10-30,70,"C-","2020-08-24 - 2020-10-30"
78102,50392838,"Horton","Emoni","Ivory Smith","2021_KAP_4_KU_Science",2020-10-30,83,"B","2020-08-24 - 2020-10-30"
78102,50393851,"Bush","V`Rya","Ivory Smith","2021_KAP_4_KU_Science",2020-10-30,56,"F","2020-08-24 - 2020-10-30"
78102,50413203,"Robinson","Randall","Ivory Smith","2021_KAP_4_KU_Science",2020-10-30,85,"B","2020-08-24 - 2020-10-30"
78102,50422834,"Johnson","Armani","Ivory Smith","2021_KAP_4_KU_Science",2020-10-30,70,"C-","2020-08-24 - 2020-10-30"
78102,50490125,"McClain Jr.","Kelvin","Ivory Smith","2021_KAP_4_KU_Science",2020-10-30,89,"B+","2020-08-24 - 2020-10-30"
78102,50505192,"Barber Jr","Terry","Ivory Smith","2021_KAP_4_KU_Science",2020-10-30,87,"B+","2020-08-24 - 2020-10-30"
78102,50527088,"Doke III","Lorenzo","Ivory Smith","2021_KAP_4_KU_Science",2020-10-30,77,"C+","2020-08-24 - 2020-10-30"
78102,50532000,"Dunlap","Thomas","Ivory Smith","2021_KAP_4_KU_Science",2020-10-30,87,"B+","2020-08-24 - 2020-10-30"
78102,50419258,"Johnson","Jamari","Ivory Smith","2021_KAP_4_KU_Science",2020-10-30,70,"C-","2020-08-24 - 2020-10-30"
78102,50464384,"Jackson","Clayton","Ivory Smith","2021_KAP_4_KU_Science",2020-10-30,75,"C","2020-08-24 - 2020-10-30"
78102,50412171,"Carter","Amiyah","Ivory Smith","2021_KAP_4_KU_Science",2020-10-30,84,"B","2020-08-24 - 2020-10-30"
78102,50384517,"Windfield","Davonte","Ivory Smith","2021_KAP_4_KU_Science",2020-10-30,81,"B-","2020-08-24 - 2020-10-30"
78102,50392745,"Williams Jr","Demone","Ivory Smith","2021_KAP_4_KU_Science",2020-10-30,70,"C-","2020-08-24 - 2020-10-30"
78102,50407367,"Gray","KhaMani","Ivory Smith","2021_KAP_4_KU_Science",2020-10-30,70,"C-","2020-08-24 - 2020-10-30"
78102,50407117,"Patrick","Jaynia","Ivory Smith","2021_KAP_4_KU_Science",2020-10-30,53,"F","2020-08-24 - 2020-10-30"
78102,50407590,"Chatman","Nevaeh","Ivory Smith","2021_KAP_4_KU_Science",2020-10-30,70,"C-","2020-08-24 - 2020-10-30"
78102,50623799,"Curtis","Taimar","Ivory Smith","2021_KAP_4_KU_Science",2020-10-30,70,"C-","2020-08-24 - 2020-10-30"
78102,50713921,"Frausto","Avani","Ivory Smith","2021_KAP_4_KU_Science",2020-10-30,88,"B+","2020-08-24 - 2020-10-30"
78102,50749797,"Newton","Amanni","Ivory Smith","2021_KAP_4_KU_Science",2020-10-30,70,"C-","2020-08-24 - 2020-10-30"
78102,50489904,"Underwood","Cormari","Ivory Smith","2021_KAP_4_KU_Science",2020-10-30,50,"F","2020-08-24 - 2020-10-30"
78102,50586007,"Jackson","Ta'khylah","Ivory Smith","2021_KAP_4_KU_Science",2020-10-30,90,"A-","2020-08-24 - 2020-10-30"
78102,50586013,"Jackson","Ta'khyah","Ivory Smith","2021_KAP_4_KU_Science",2020-10-30,95,"A","2020-08-24 - 2020-10-30"
78102,50306730,"Bailey","Mariah","Ivory Smith","2021_KAP_4_KU_Science",2020-10-30,70,"C-","2020-08-24 - 2020-10-30"
78102,50207948,"Campbell","Aaron","Ivory Smith","2021_KAP_4_KU_Science",2020-10-30,70,"C-","2020-08-24 - 2020-10-30"
78102,50312224,"Gossitt","Dorian","Ivory Smith","2021_KAP_4_KU_Science",2020-10-30,81,"B-","2020-08-24 - 2020-10-30"
78102,50546067,"Hill","Demarion","Ivory Smith","2021_KAP_4_KU_Science",2020-10-30,70,"C-","2020-08-24 - 2020-10-30"
78102,50416204,"Blanton","Jacobi","Ivory Smith","2021_KAP_4_KU_Science",2020-10-30,72,"C-","2020-08-24 - 2020-10-30"
