"site_id","Student ID","last_name","first_name","teacher_full_name","GradeBook","score_last_updated","Percentage","Mark","grading_period"
400180,50324460,"Walker","Canilya","Kristin Soroko","2021_KOA_5_DL_ELA",2020-10-30,75,"C","2020-08-24 - 2020-10-30"
400180,50388237,"London","Semaj","Kristin Soroko","2021_KOA_5_DL_ELA",2020-10-30,90,"A-","2020-08-24 - 2020-10-30"
400180,50533682,"Pacheco","Jayden","Kristin Soroko","2021_KOA_5_DL_ELA",2020-10-30,71,"C-","2020-08-24 - 2020-10-30"
400180,50293041,"Allen","Joshua","Kristin Soroko","2021_KOA_5_DL_ELA",2020-10-30,87,"B+","2020-08-24 - 2020-10-30"
400180,50467950,"Puckett","David","Kristin Soroko","2021_KOA_5_DL_ELA",2020-10-30,73,"C","2020-08-24 - 2020-10-30"
400180,50331188,"Williams","Terrance","Kristin Soroko","2021_KOA_5_DL_ELA",2020-10-30,71,"C-","2020-08-24 - 2020-10-30"
400180,50511388,"White","Kaylen","Kristin Soroko","2021_KOA_5_DL_ELA",2020-10-30,70,"C-","2020-08-24 - 2020-10-30"
400180,50291532,"Davis","Javon","Kristin Soroko","2021_KOA_5_DL_ELA",2020-10-30,70,"C-","2020-08-24 - 2020-10-30"
400180,50403495,"Vilchis","Christopher","Kristin Soroko","2021_KOA_5_DL_ELA",2020-10-30,80,"B-","2020-08-24 - 2020-10-30"
400180,50460830,"Torres","Zaiden","Kristin Soroko","2021_KOA_5_DL_ELA",2020-10-30,58,"F","2020-08-24 - 2020-10-30"
400180,50324460,"Walker","Canilya","Stacy Young","2021_KOA_5_DL_Math",2020-10-30,80,"B-","2020-08-24 - 2020-10-30"
400180,50388237,"London","Semaj","Stacy Young","2021_KOA_5_DL_Math",2020-10-30,89,"B+","2020-08-24 - 2020-10-30"
400180,50533682,"Pacheco","Jayden","Stacy Young","2021_KOA_5_DL_Math",2020-10-30,87,"B+","2020-08-24 - 2020-10-30"
400180,50293041,"Allen","Joshua","Stacy Young","2021_KOA_5_DL_Math",2020-10-30,92,"A-","2020-08-24 - 2020-10-30"
400180,50467950,"Puckett","David","Stacy Young","2021_KOA_5_DL_Math",2020-10-30,88,"B+","2020-08-24 - 2020-10-30"
400180,50331188,"Williams","Terrance","Stacy Young","2021_KOA_5_DL_Math",2020-10-30,80,"B-","2020-08-24 - 2020-10-30"
400180,50511388,"White","Kaylen","Stacy Young","2021_KOA_5_DL_Math",2020-10-30,90,"A-","2020-08-24 - 2020-10-30"
400180,50291532,"Davis","Javon","Stacy Young","2021_KOA_5_DL_Math",2020-10-30,88,"B+","2020-08-24 - 2020-10-30"
400180,50403495,"Vilchis","Christopher","Stacy Young","2021_KOA_5_DL_Math",2020-10-30,92,"A-","2020-08-24 - 2020-10-30"
400180,50460830,"Torres","Zaiden","Stacy Young","2021_KOA_5_DL_Math",2020-10-30,64,"D","2020-08-24 - 2020-10-30"
400180,50353717,"Riley","Nicolas","Kristin Soroko","2021_KOA_6_DL_ELA",2020-10-30,84,"B","2020-08-24 - 2020-10-30"
400180,50308801,"Carrero","Joseline","Kristin Soroko","2021_KOA_6_DL_ELA",2020-10-30,84,"B","2020-08-24 - 2020-10-30"
400180,50266755,"Rosales","Mario","Kristin Soroko","2021_KOA_6_DL_ELA",2020-10-30,87,"B+","2020-08-24 - 2020-10-30"
400180,50278243,"Hines","Tywone","Kristin Soroko","2021_KOA_6_DL_ELA",2020-10-30,73,"C","2020-08-24 - 2020-10-30"
400180,50353717,"Riley","Nicolas","Emma Hutson","2021_KOA_6_DL_Math",2020-10-30,90,"A-","2020-08-24 - 2020-10-30"
400180,50308801,"Carrero","Joseline","Emma Hutson","2021_KOA_6_DL_Math",2020-10-30,82,"B-","2020-08-24 - 2020-10-30"
400180,50278243,"Hines","Tywone","Emma Hutson","2021_KOA_6_DL_Math",2020-10-30,84,"B","2020-08-24 - 2020-10-30"
400180,60032005,"Zhunio","Jack","Jessie Robinson","2021_KOA_7_LSU_Math",2020-10-30,98,"A+","2020-08-24 - 2020-10-30"
400180,50192988,"Westbrooks","Cyrus","Alice Gustafson","2021_KOA_7_DL_ELA",2020-10-30,71,"C-","2020-08-24 - 2020-10-30"
400180,50207404,"Crawford","Brittney","Alice Gustafson","2021_KOA_7_DL_ELA",2020-10-30,80,"B-","2020-08-24 - 2020-10-30"
400180,50237098,"Ortiz","Michael","Alice Gustafson","2021_KOA_7_DL_ELA",2020-10-30,68,"D+","2020-08-24 - 2020-10-30"
400180,50298044,"Jimenez","Miguel","Alice Gustafson","2021_KOA_7_DL_ELA",2020-10-30,71,"C-","2020-08-24 - 2020-10-30"
400180,50350361,"Campos","Angel","Alice Gustafson","2021_KOA_7_DL_ELA",2020-10-30,64,"D","2020-08-24 - 2020-10-30"
400180,50198476,"Torres-Ramirez","Daisy","Alice Gustafson","2021_KOA_7_DL_ELA",2020-10-30,93,"A-","2020-08-24 - 2020-10-30"
400180,50256318,"Smith-Trice","Marcus","Alice Gustafson","2021_KOA_7_DL_ELA",2020-10-30,78,"C+","2020-08-24 - 2020-10-30"
400180,50205015,"Prater","Josiah","Alice Gustafson","2021_KOA_7_DL_ELA",2020-10-30,60,"D-","2020-08-24 - 2020-10-30"
400180,50407853,"Garcia","Carlos","Alice Gustafson","2021_KOA_7_DL_ELA",2020-10-30,57,"F","2020-08-24 - 2020-10-30"
400180,50192988,"Westbrooks","Cyrus","Jessie Robinson","2021_KOA_Auburn_Math",2020-10-30,74,"C","2020-08-24 - 2020-10-30"
400180,50326673,"Hayes","Aryonna","Jessie Robinson","2021_KOA_Auburn_Math",2020-10-30,96,"A","2020-08-24 - 2020-10-30"
400180,50287590,"Watts","Ythan","Jessie Robinson","2021_KOA_Auburn_Math",2020-10-30,88,"B+","2020-08-24 - 2020-10-30"
400180,50246121,"Cotton","Starr","Jessie Robinson","2021_KOA_Auburn_Math",2020-10-30,94,"A","2020-08-24 - 2020-10-30"
400180,50225937,"Agnew","Elijah","Jessie Robinson","2021_KOA_Auburn_Math",2020-10-30,79,"C+","2020-08-24 - 2020-10-30"
400180,50207404,"Crawford","Brittney","Jessie Robinson","2021_KOA_Auburn_Math",2020-10-30,72,"C-","2020-08-24 - 2020-10-30"
400180,50152879,"De Leon","Ameer","Jessie Robinson","2021_KOA_Auburn_Math",2020-10-30,88,"B+","2020-08-24 - 2020-10-30"
400180,50176178,"Rule","Jamaya","Jessie Robinson","2021_KOA_Auburn_Math",2020-10-30,84,"B","2020-08-24 - 2020-10-30"
400180,50193084,"Matthews","Damarkis","Jessie Robinson","2021_KOA_Auburn_Math",2020-10-30,92,"A-","2020-08-24 - 2020-10-30"
400180,50217794,"Alvarez","Adrian","Jessie Robinson","2021_KOA_Auburn_Math",2020-10-30,76,"C","2020-08-24 - 2020-10-30"
400180,50226300,"Cooper","Ariel","Jessie Robinson","2021_KOA_Auburn_Math",2020-10-30,90,"A-","2020-08-24 - 2020-10-30"
400180,50231740,"Jones","Akiyha","Jessie Robinson","2021_KOA_Auburn_Math",2020-10-30,72,"C-","2020-08-24 - 2020-10-30"
400180,50237098,"Ortiz","Michael","Jessie Robinson","2021_KOA_Auburn_Math",2020-10-30,72,"C-","2020-08-24 - 2020-10-30"
400180,50246055,"Justice","Kaniya","Jessie Robinson","2021_KOA_Auburn_Math",2020-10-30,75,"C","2020-08-24 - 2020-10-30"
400180,50249504,"Bowen","Amy","Jessie Robinson","2021_KOA_Auburn_Math",2020-10-30,80,"B-","2020-08-24 - 2020-10-30"
400180,50276267,"Burnett","Tyeriah","Jessie Robinson","2021_KOA_Auburn_Math",2020-10-30,90,"A-","2020-08-24 - 2020-10-30"
400180,50298044,"Jimenez","Miguel","Jessie Robinson","2021_KOA_Auburn_Math",2020-10-30,77,"C+","2020-08-24 - 2020-10-30"
400180,50342324,"Garcia","Raphael","Jessie Robinson","2021_KOA_Auburn_Math",2020-10-30,77,"C+","2020-08-24 - 2020-10-30"
400180,50342977,"Dominguez","Emely","Jessie Robinson","2021_KOA_Auburn_Math",2020-10-30,82,"B-","2020-08-24 - 2020-10-30"
400180,50344736,"Zaragoza","Edwin","Jessie Robinson","2021_KOA_Auburn_Math",2020-10-30,77,"C+","2020-08-24 - 2020-10-30"
400180,50349087,"Lagunas","Iris","Jessie Robinson","2021_KOA_Auburn_Math",2020-10-30,80,"B-","2020-08-24 - 2020-10-30"
400180,50350361,"Campos","Angel","Jessie Robinson","2021_KOA_Auburn_Math",2020-10-30,71,"C-","2020-08-24 - 2020-10-30"
400180,50359453,"Rupert","Akeia","Jessie Robinson","2021_KOA_Auburn_Math",2020-10-30,92,"A-","2020-08-24 - 2020-10-30"
400180,50198476,"Torres-Ramirez","Daisy","Jessie Robinson","2021_KOA_Auburn_Math",2020-10-30,90,"A-","2020-08-24 - 2020-10-30"
400180,50221561,"Andrade","Martha","Jessie Robinson","2021_KOA_Auburn_Math",2020-10-30,93,"A-","2020-08-24 - 2020-10-30"
400180,50304685,"Garcia","Maria","Jessie Robinson","2021_KOA_Auburn_Math",2020-10-30,83,"B","2020-08-24 - 2020-10-30"
400180,50254326,"Lloyd","Jalen","Jessie Robinson","2021_KOA_Auburn_Math",2020-10-30,82,"B-","2020-08-24 - 2020-10-30"
400180,50232477,"Mack","Destiny","Jessie Robinson","2021_KOA_Auburn_Math",2020-10-30,79,"C+","2020-08-24 - 2020-10-30"
400180,50397437,"Ratcliff","Ricaiah","Jessie Robinson","2021_KOA_Auburn_Math",2020-10-30,92,"A-","2020-08-24 - 2020-10-30"
400180,50468678,"Alvarado","Jaylis","Jessie Robinson","2021_KOA_Auburn_Math",2020-10-30,96,"A","2020-08-24 - 2020-10-30"
400180,50252948,"Conway","Makavion","Jessie Robinson","2021_KOA_Auburn_Math",2020-10-30,92,"A-","2020-08-24 - 2020-10-30"
400180,50337825,"Mora","Jisselle","Jessie Robinson","2021_KOA_Auburn_Math",2020-10-30,87,"B+","2020-08-24 - 2020-10-30"
400180,50207832,"Cruz","Juan","Jessie Robinson","2021_KOA_Auburn_Math",2020-10-30,95,"A","2020-08-24 - 2020-10-30"
400180,50220561,"Willis Jr","Robert","Jessie Robinson","2021_KOA_Auburn_Math",2020-10-30,61,"D-","2020-08-24 - 2020-10-30"
400180,50223858,"Williams","Heaven","Jessie Robinson","2021_KOA_Auburn_Math",2020-10-30,93,"A-","2020-08-24 - 2020-10-30"
400180,50140437,"Daniels","Zaria","Jessie Robinson","2021_KOA_Auburn_Math",2020-10-30,95,"A","2020-08-24 - 2020-10-30"
400180,50436699,"Franklin","Shylai","Jessie Robinson","2021_KOA_Auburn_Math",2020-10-30,97,"A","2020-08-24 - 2020-10-30"
400180,50194586,"Cross","Montrell","Jessie Robinson","2021_KOA_Auburn_Math",2020-10-30,94,"A","2020-08-24 - 2020-10-30"
400180,50256318,"Smith-Trice","Marcus","Stacy Young","2021_KOA_7_DL_Math",2020-10-30,89,"B+","2020-08-24 - 2020-10-30"
400180,50150888,"Martin","Alena","Jessie Robinson","2021_KOA_UPENN_Math",2020-10-30,99,"A+","2020-08-24 - 2020-10-30"
400180,50331133,"Cockrell","Justin","Jessie Robinson","2021_KOA_UPENN_Math",2020-10-30,93,"A-","2020-08-24 - 2020-10-30"
400180,50254561,"McIntyre","Dylan","Jessie Robinson","2021_KOA_UPENN_Math",2020-10-30,80,"B-","2020-08-24 - 2020-10-30"
400180,50339387,"Mines-Fisher","Donavyn","Jessie Robinson","2021_KOA_UPENN_Math",2020-10-30,98,"A+","2020-08-24 - 2020-10-30"
400180,50217755,"Johnson","Denajasia","Jessie Robinson","2021_KOA_UPENN_Math",2020-10-30,78,"C+","2020-08-24 - 2020-10-30"
400180,50073166,"Lee","Marshawn","Jessie Robinson","2021_KOA_UPENN_Math",2020-10-30,69,"D+","2020-08-24 - 2020-10-30"
400180,50140418,"Augustus","Kourtney","Jessie Robinson","2021_KOA_UPENN_Math",2020-10-30,60,"D-","2020-08-24 - 2020-10-30"
400180,50149581,"Guartan","Christopher","Jessie Robinson","2021_KOA_UPENN_Math",2020-10-30,91,"A-","2020-08-24 - 2020-10-30"
400180,50205015,"Prater","Josiah","Stacy Young","2021_KOA_7_DL_Math",2020-10-30,91,"A-","2020-08-24 - 2020-10-30"
400180,50217735,"Martinez","Lorena","Jessie Robinson","2021_KOA_UPENN_Math",2020-10-30,61,"D-","2020-08-24 - 2020-10-30"
400180,50220853,"Butler","Jakee","Jessie Robinson","2021_KOA_UPENN_Math",2020-10-30,84,"B","2020-08-24 - 2020-10-30"
400180,50237460,"Thomas","Sha'nylah","Jessie Robinson","2021_KOA_UPENN_Math",2020-10-30,85,"B","2020-08-24 - 2020-10-30"
400180,50249253,"Martinez","Ashley","Jessie Robinson","2021_KOA_UPENN_Math",2020-10-30,91,"A-","2020-08-24 - 2020-10-30"
400180,50257655,"Tirado","Brian","Jessie Robinson","2021_KOA_UPENN_Math",2020-10-30,83,"B","2020-08-24 - 2020-10-30"
400180,50264360,"Marcial","Vanessa","Jessie Robinson","2021_KOA_UPENN_Math",2020-10-30,94,"A","2020-08-24 - 2020-10-30"
400180,50320173,"Street","Leah","Jessie Robinson","2021_KOA_UPENN_Math",2020-10-30,86,"B","2020-08-24 - 2020-10-30"
400180,50326122,"Fuller","Jason","Jessie Robinson","2021_KOA_UPENN_Math",2020-10-30,86,"B","2020-08-24 - 2020-10-30"
400180,50336790,"Ramirez Jr.","Serafin","Jessie Robinson","2021_KOA_UPENN_Math",2020-10-30,70,"C-","2020-08-24 - 2020-10-30"
400180,50337801,"Talavera","Luis","Jessie Robinson","2021_KOA_UPENN_Math",2020-10-30,83,"B","2020-08-24 - 2020-10-30"
400180,50339855,"Arceo","Carmen","Jessie Robinson","2021_KOA_UPENN_Math",2020-10-30,94,"A","2020-08-24 - 2020-10-30"
400180,50366700,"Campos","Giselle","Jessie Robinson","2021_KOA_UPENN_Math",2020-10-30,86,"B","2020-08-24 - 2020-10-30"
400180,50449425,"Giraldo-Medina","Heidy","Jessie Robinson","2021_KOA_UPENN_Math",2020-10-30,90,"A-","2020-08-24 - 2020-10-30"
400180,50472340,"Melendez","Jayden","Jessie Robinson","2021_KOA_UPENN_Math",2020-10-30,78,"C+","2020-08-24 - 2020-10-30"
400180,50230239,"Wilson","Keari","Jessie Robinson","2021_KOA_UPENN_Math",2020-10-30,80,"B-","2020-08-24 - 2020-10-30"
400180,50407853,"Garcia","Carlos","Stacy Young","2021_KOA_7_DL_Math",2020-10-30,89,"B+","2020-08-24 - 2020-10-30"
400180,50256751,"Samaniego","Andrea","Jessie Robinson","2021_KOA_UPENN_Math",2020-10-30,79,"C+","2020-08-24 - 2020-10-30"
400180,50278346,"Marchan","Yanely","Jessie Robinson","2021_KOA_UPENN_Math",2020-10-30,87,"B+","2020-08-24 - 2020-10-30"
400180,50221557,"Castile","Kaitlyn","Jessie Robinson","2021_KOA_UPENN_Math",2020-10-30,83,"B","2020-08-24 - 2020-10-30"
400180,50215840,"Lazaro","Ariana","Jessie Robinson","2021_KOA_UPENN_Math",2020-10-30,88,"B+","2020-08-24 - 2020-10-30"
400180,50278856,"Muniz","Alondra","Jessie Robinson","2021_KOA_UPENN_Math",2020-10-30,78,"C+","2020-08-24 - 2020-10-30"
400180,50307383,"Williams","Essence","Jessie Robinson","2021_KOA_UPENN_Math",2020-10-30,60,"D-","2020-08-24 - 2020-10-30"
400180,50352508,"Roman","Melissa","Jessie Robinson","2021_KOA_UPENN_Math",2020-10-30,92,"A-","2020-08-24 - 2020-10-30"
400180,50220542,"Martin","Samariah","Jessie Robinson","2021_KOA_UPENN_Math",2020-10-30,70,"C-","2020-08-24 - 2020-10-30"
400180,50570479,"Campbell","Naomi","Jessie Robinson","2021_KOA_UPENN_Math",2020-10-30,71,"C-","2020-08-24 - 2020-10-30"
400180,60033674,"Pacheco-Sanchez","Mireyda","Jessie Robinson","2021_KOA_UPENN_Math",2020-10-30,97,"A","2020-08-24 - 2020-10-30"
400180,50369418,"Walton","Aubrey","Jessie Robinson","2021_KOA_UPENN_Math",2020-10-30,97,"A","2020-08-24 - 2020-10-30"
400180,50310367,"Gonzalez","Alexis","Jessie Robinson","2021_KOA_UPENN_Math",2020-10-30,94,"A","2020-08-24 - 2020-10-30"
400180,50294390,"Jones","Desire","Jessie Robinson","2021_KOA_UPENN_Math",2020-10-30,90,"A-","2020-08-24 - 2020-10-30"
400180,50262387,"Brown","Juri","Jessie Robinson","2021_KOA_7_LSU_Math",2020-10-30,97,"A","2020-08-24 - 2020-10-30"
400180,50326644,"Collins","D'asya","Jessie Robinson","2021_KOA_7_LSU_Math",2020-10-30,100,"A+","2020-08-24 - 2020-10-30"
400180,50238186,"Spells","Amiye","Jessie Robinson","2021_KOA_7_LSU_Math",2020-10-30,98,"A+","2020-08-24 - 2020-10-30"
400180,50264564,"Harvey","Alena","Jessie Robinson","2021_KOA_7_LSU_Math",2020-10-30,99,"A+","2020-08-24 - 2020-10-30"
400180,50193063,"Westbrooks","Cyrel","Jessie Robinson","2021_KOA_7_LSU_Math",2020-10-30,64,"D","2020-08-24 - 2020-10-30"
400180,50150857,"Tirado","Abby","Jessie Robinson","2021_KOA_7_LSU_Math",2020-10-30,99,"A+","2020-08-24 - 2020-10-30"
400180,50203856,"Gonzalez","Gustavo","Jessie Robinson","2021_KOA_7_LSU_Math",2020-10-30,81,"B-","2020-08-24 - 2020-10-30"
400180,50207752,"Wheatley","Chloe","Jessie Robinson","2021_KOA_7_LSU_Math",2020-10-30,99,"A+","2020-08-24 - 2020-10-30"
400180,50212057,"Arrieta","Adrian","Jessie Robinson","2021_KOA_7_LSU_Math",2020-10-30,95,"A","2020-08-24 - 2020-10-30"
400180,50220726,"Butler","Janiya","Jessie Robinson","2021_KOA_7_LSU_Math",2020-10-30,84,"B","2020-08-24 - 2020-10-30"
400180,50230898,"Lais","Emigdio","Jessie Robinson","2021_KOA_7_LSU_Math",2020-10-30,85,"B","2020-08-24 - 2020-10-30"
400180,50245335,"Brown","Tihsaa","Jessie Robinson","2021_KOA_7_LSU_Math",2020-10-30,85,"B","2020-08-24 - 2020-10-30"
400180,50246484,"Alvizar","Madison","Jessie Robinson","2021_KOA_7_LSU_Math",2020-10-30,96,"A","2020-08-24 - 2020-10-30"
400180,50254011,"Guartan","Jason","Jessie Robinson","2021_KOA_7_LSU_Math",2020-10-30,95,"A","2020-08-24 - 2020-10-30"
400180,50260694,"Coronel","Guadalupe","Jessie Robinson","2021_KOA_7_LSU_Math",2020-10-30,96,"A","2020-08-24 - 2020-10-30"
400180,50267995,"Arenas","Wendy","Jessie Robinson","2021_KOA_7_LSU_Math",2020-10-30,92,"A-","2020-08-24 - 2020-10-30"
400180,50276249,"Rojas","Mia","Jessie Robinson","2021_KOA_7_LSU_Math",2020-10-30,95,"A","2020-08-24 - 2020-10-30"
400180,50276429,"Pineda","Alessandra","Jessie Robinson","2021_KOA_7_LSU_Math",2020-10-30,98,"A+","2020-08-24 - 2020-10-30"
400180,50329199,"Nunez","Miguel","Jessie Robinson","2021_KOA_7_LSU_Math",2020-10-30,88,"B+","2020-08-24 - 2020-10-30"
400180,50465307,"Harris","Nevaeh","Jessie Robinson","2021_KOA_7_LSU_Math",2020-10-30,100,"A+","2020-08-24 - 2020-10-30"
400180,50465310,"Harris","Heaven","Jessie Robinson","2021_KOA_7_LSU_Math",2020-10-30,96,"A","2020-08-24 - 2020-10-30"
400180,50084133,"Fields-Davis","Briana","Jessie Robinson","2021_KOA_7_LSU_Math",2020-10-30,99,"A+","2020-08-24 - 2020-10-30"
400180,50658128,"Torres","Brithany","Jessie Robinson","2021_KOA_7_LSU_Math",2020-10-30,98,"A+","2020-08-24 - 2020-10-30"
400180,50231331,"Brown","Brandon","Jessie Robinson","2021_KOA_7_LSU_Math",2020-10-30,88,"B+","2020-08-24 - 2020-10-30"
400180,50308261,"James","Jasna","Jessie Robinson","2021_KOA_7_LSU_Math",2020-10-30,89,"B+","2020-08-24 - 2020-10-30"
400180,50164864,"Young","Shanya","Jessie Robinson","2021_KOA_7_LSU_Math",2020-10-30,89,"B+","2020-08-24 - 2020-10-30"
400180,50137885,"Lee","Zaria","Jessie Robinson","2021_KOA_7_LSU_Math",2020-10-30,75,"C","2020-08-24 - 2020-10-30"
400180,50428445,"Gonzalez","Jhon","Jessie Robinson","2021_KOA_7_LSU_Math",2020-10-30,95,"A","2020-08-24 - 2020-10-30"
400180,50341651,"Lashley","Sanai","Jessie Robinson","2021_KOA_7_LSU_Math",2020-10-30,89,"B+","2020-08-24 - 2020-10-30"
400180,50075764,"Boyd","Jamiya","Jessie Robinson","2021_KOA_7_LSU_Math",2020-10-30,76,"C","2020-08-24 - 2020-10-30"
400180,50271426,"Hernandez","David","Jessie Robinson","2021_KOA_7_LSU_Math",2020-10-30,91,"A-","2020-08-24 - 2020-10-30"
400180,60029407,"Salinas","Martha","Jessie Robinson","2021_KOA_7_LSU_Math",2020-10-30,92,"A-","2020-08-24 - 2020-10-30"
400180,60030260,"Tamayo","Tatianna","Jessie Robinson","2021_KOA_7_LSU_Math",2020-10-30,93,"A-","2020-08-24 - 2020-10-30"
400180,50277332,"Sinchi","John","Jessie Robinson","2021_KOA_7_LSU_Math",2020-10-30,100,"A+","2020-08-24 - 2020-10-30"
400180,50262387,"Brown","Juri","Justin Pitts","2021_KOA_7_LSU_Science",2020-10-30,99,"A+","2020-08-24 - 2020-10-30"
400180,50326644,"Collins","D'asya","Justin Pitts","2021_KOA_7_LSU_Science",2020-10-30,93,"A-","2020-08-24 - 2020-10-30"
400180,50238186,"Spells","Amiye","Justin Pitts","2021_KOA_7_LSU_Science",2020-10-30,97,"A","2020-08-24 - 2020-10-30"
400180,50264564,"Harvey","Alena","Justin Pitts","2021_KOA_7_LSU_Science",2020-10-30,100,"A+","2020-08-24 - 2020-10-30"
400180,50193063,"Westbrooks","Cyrel","Justin Pitts","2021_KOA_7_LSU_Science",2020-10-30,70,"C-","2020-08-24 - 2020-10-30"
400180,50150857,"Tirado","Abby","Justin Pitts","2021_KOA_7_LSU_Science",2020-10-30,99,"A+","2020-08-24 - 2020-10-30"
400180,50203856,"Gonzalez","Gustavo","Justin Pitts","2021_KOA_7_LSU_Science",2020-10-30,88,"B+","2020-08-24 - 2020-10-30"
400180,50207752,"Wheatley","Chloe","Justin Pitts","2021_KOA_7_LSU_Science",2020-10-30,97,"A","2020-08-24 - 2020-10-30"
400180,50212057,"Arrieta","Adrian","Justin Pitts","2021_KOA_7_LSU_Science",2020-10-30,100,"A+","2020-08-24 - 2020-10-30"
400180,50220726,"Butler","Janiya","Justin Pitts","2021_KOA_7_LSU_Science",2020-10-30,77,"C+","2020-08-24 - 2020-10-30"
400180,50230898,"Lais","Emigdio","Justin Pitts","2021_KOA_7_LSU_Science",2020-10-30,93,"A-","2020-08-24 - 2020-10-30"
400180,50245335,"Brown","Tihsaa","Justin Pitts","2021_KOA_7_LSU_Science",2020-10-30,91,"A-","2020-08-24 - 2020-10-30"
400180,50246484,"Alvizar","Madison","Justin Pitts","2021_KOA_7_LSU_Science",2020-10-30,100,"A+","2020-08-24 - 2020-10-30"
400180,50254011,"Guartan","Jason","Justin Pitts","2021_KOA_7_LSU_Science",2020-10-30,94,"A","2020-08-24 - 2020-10-30"
400180,50260694,"Coronel","Guadalupe","Justin Pitts","2021_KOA_7_LSU_Science",2020-10-30,100,"A+","2020-08-24 - 2020-10-30"
400180,50267995,"Arenas","Wendy","Justin Pitts","2021_KOA_7_LSU_Science",2020-10-30,96,"A","2020-08-24 - 2020-10-30"
400180,50276249,"Rojas","Mia","Justin Pitts","2021_KOA_7_LSU_Science",2020-10-30,98,"A+","2020-08-24 - 2020-10-30"
400180,50276429,"Pineda","Alessandra","Justin Pitts","2021_KOA_7_LSU_Science",2020-10-30,99,"A+","2020-08-24 - 2020-10-30"
400180,50329199,"Nunez","Miguel","Justin Pitts","2021_KOA_7_LSU_Science",2020-10-30,100,"A+","2020-08-24 - 2020-10-30"
400180,50465307,"Harris","Nevaeh","Justin Pitts","2021_KOA_7_LSU_Science",2020-10-30,98,"A+","2020-08-24 - 2020-10-30"
400180,50465310,"Harris","Heaven","Justin Pitts","2021_KOA_7_LSU_Science",2020-10-30,98,"A+","2020-08-24 - 2020-10-30"
400180,50084133,"Fields-Davis","Briana","Justin Pitts","2021_KOA_7_LSU_Science",2020-10-30,99,"A+","2020-08-24 - 2020-10-30"
400180,50658128,"Torres","Brithany","Justin Pitts","2021_KOA_7_LSU_Science",2020-10-30,100,"A+","2020-08-24 - 2020-10-30"
400180,50231331,"Brown","Brandon","Justin Pitts","2021_KOA_7_LSU_Science",2020-10-30,80,"B-","2020-08-24 - 2020-10-30"
400180,50308261,"James","Jasna","Justin Pitts","2021_KOA_7_LSU_Science",2020-10-30,93,"A-","2020-08-24 - 2020-10-30"
400180,50164864,"Young","Shanya","Justin Pitts","2021_KOA_7_LSU_Science",2020-10-30,98,"A+","2020-08-24 - 2020-10-30"
400180,50137885,"Lee","Zaria","Justin Pitts","2021_KOA_7_LSU_Science",2020-10-30,83,"B","2020-08-24 - 2020-10-30"
400180,50428445,"Gonzalez","Jhon","Justin Pitts","2021_KOA_7_LSU_Science",2020-10-30,99,"A+","2020-08-24 - 2020-10-30"
400180,50341651,"Lashley","Sanai","Justin Pitts","2021_KOA_7_LSU_Science",2020-10-30,90,"A-","2020-08-24 - 2020-10-30"
400180,50075764,"Boyd","Jamiya","Justin Pitts","2021_KOA_7_LSU_Science",2020-10-30,81,"B-","2020-08-24 - 2020-10-30"
400180,50271426,"Hernandez","David","Justin Pitts","2021_KOA_7_LSU_Science",2020-10-30,92,"A-","2020-08-24 - 2020-10-30"
400180,60029407,"Salinas","Martha","Justin Pitts","2021_KOA_7_LSU_Science",2020-10-30,81,"B-","2020-08-24 - 2020-10-30"
400180,60030260,"Tamayo","Tatianna","Justin Pitts","2021_KOA_7_LSU_Science",2020-10-30,82,"B-","2020-08-24 - 2020-10-30"
400180,50277332,"Sinchi","John","Justin Pitts","2021_KOA_7_LSU_Science",2020-10-30,99,"A+","2020-08-24 - 2020-10-30"
400180,50192988,"Westbrooks","Cyrus","Justin Pitts","2021_KOA_7_UPenn_Science",2020-10-30,73,"C","2020-08-24 - 2020-10-30"
400180,50326673,"Hayes","Aryonna","Justin Pitts","2021_KOA_7_UPenn_Science",2020-10-30,98,"A+","2020-08-24 - 2020-10-30"
400180,50287590,"Watts","Ythan","Justin Pitts","2021_KOA_7_UPenn_Science",2020-10-30,97,"A","2020-08-24 - 2020-10-30"
400180,50246121,"Cotton","Starr","Justin Pitts","2021_KOA_7_UPenn_Science",2020-10-30,100,"A+","2020-08-24 - 2020-10-30"
400180,50225937,"Agnew","Elijah","Justin Pitts","2021_KOA_7_UPenn_Science",2020-10-30,93,"A-","2020-08-24 - 2020-10-30"
400180,50207404,"Crawford","Brittney","Justin Pitts","2021_KOA_7_UPenn_Science",2020-10-30,76,"C","2020-08-24 - 2020-10-30"
400180,50152879,"De Leon","Ameer","Justin Pitts","2021_KOA_7_UPenn_Science",2020-10-30,82,"B-","2020-08-24 - 2020-10-30"
400180,50176178,"Rule","Jamaya","Justin Pitts","2021_KOA_7_UPenn_Science",2020-10-30,88,"B+","2020-08-24 - 2020-10-30"
400180,50193084,"Matthews","Damarkis","Justin Pitts","2021_KOA_7_UPenn_Science",2020-10-30,100,"A+","2020-08-24 - 2020-10-30"
400180,50217794,"Alvarez","Adrian","Justin Pitts","2021_KOA_7_UPenn_Science",2020-10-30,73,"C","2020-08-24 - 2020-10-30"
400180,50226300,"Cooper","Ariel","Justin Pitts","2021_KOA_7_UPenn_Science",2020-10-30,97,"A","2020-08-24 - 2020-10-30"
400180,50231740,"Jones","Akiyha","Justin Pitts","2021_KOA_7_UPenn_Science",2020-10-30,77,"C+","2020-08-24 - 2020-10-30"
400180,50237098,"Ortiz","Michael","Justin Pitts","2021_KOA_7_UPenn_Science",2020-10-30,71,"C-","2020-08-24 - 2020-10-30"
400180,50246055,"Justice","Kaniya","Justin Pitts","2021_KOA_7_UPenn_Science",2020-10-30,82,"B-","2020-08-24 - 2020-10-30"
400180,50249504,"Bowen","Amy","Justin Pitts","2021_KOA_7_UPenn_Science",2020-10-30,83,"B","2020-08-24 - 2020-10-30"
400180,50276267,"Burnett","Tyeriah","Justin Pitts","2021_KOA_7_UPenn_Science",2020-10-30,99,"A+","2020-08-24 - 2020-10-30"
400180,50298044,"Jimenez","Miguel","Justin Pitts","2021_KOA_7_UPenn_Science",2020-10-30,75,"C","2020-08-24 - 2020-10-30"
400180,50342324,"Garcia","Raphael","Justin Pitts","2021_KOA_7_UPenn_Science",2020-10-30,74,"C","2020-08-24 - 2020-10-30"
400180,50342977,"Dominguez","Emely","Justin Pitts","2021_KOA_7_UPenn_Science",2020-10-30,87,"B+","2020-08-24 - 2020-10-30"
400180,50344736,"Zaragoza","Edwin","Justin Pitts","2021_KOA_7_UPenn_Science",2020-10-30,82,"B-","2020-08-24 - 2020-10-30"
400180,50349087,"Lagunas","Iris","Justin Pitts","2021_KOA_7_UPenn_Science",2020-10-30,74,"C","2020-08-24 - 2020-10-30"
400180,50350361,"Campos","Angel","Justin Pitts","2021_KOA_7_UPenn_Science",2020-10-30,83,"B","2020-08-24 - 2020-10-30"
400180,50359453,"Rupert","Akeia","Justin Pitts","2021_KOA_7_UPenn_Science",2020-10-30,97,"A","2020-08-24 - 2020-10-30"
400180,50198476,"Torres-Ramirez","Daisy","Justin Pitts","2021_KOA_7_UPenn_Science",2020-10-30,98,"A+","2020-08-24 - 2020-10-30"
400180,50221561,"Andrade","Martha","Justin Pitts","2021_KOA_7_UPenn_Science",2020-10-30,100,"A+","2020-08-24 - 2020-10-30"
400180,50304685,"Garcia","Maria","Justin Pitts","2021_KOA_7_UPenn_Science",2020-10-30,95,"A","2020-08-24 - 2020-10-30"
400180,50254326,"Lloyd","Jalen","Justin Pitts","2021_KOA_7_UPenn_Science",2020-10-30,88,"B+","2020-08-24 - 2020-10-30"
400180,50232477,"Mack","Destiny","Justin Pitts","2021_KOA_7_UPenn_Science",2020-10-30,83,"B","2020-08-24 - 2020-10-30"
400180,50397437,"Ratcliff","Ricaiah","Justin Pitts","2021_KOA_7_UPenn_Science",2020-10-30,94,"A","2020-08-24 - 2020-10-30"
400180,50468678,"Alvarado","Jaylis","Justin Pitts","2021_KOA_7_UPenn_Science",2020-10-30,100,"A+","2020-08-24 - 2020-10-30"
400180,60023725,"Padilla-Guillen","Karla","Justin Pitts","2021_KOA_7_UPenn_Science",2020-10-30,54,"F","2020-08-24 - 2020-10-30"
400180,50252948,"Conway","Makavion","Justin Pitts","2021_KOA_7_UPenn_Science",2020-10-30,97,"A","2020-08-24 - 2020-10-30"
400180,50337825,"Mora","Jisselle","Justin Pitts","2021_KOA_7_UPenn_Science",2020-10-30,91,"A-","2020-08-24 - 2020-10-30"
400180,50207832,"Cruz","Juan","Justin Pitts","2021_KOA_7_UPenn_Science",2020-10-30,100,"A+","2020-08-24 - 2020-10-30"
400180,50220561,"Willis Jr","Robert","Justin Pitts","2021_KOA_7_UPenn_Science",2020-10-30,72,"C-","2020-08-24 - 2020-10-30"
400180,50223858,"Williams","Heaven","Justin Pitts","2021_KOA_7_UPenn_Science",2020-10-30,92,"A-","2020-08-24 - 2020-10-30"
400180,50140437,"Daniels","Zaria","Justin Pitts","2021_KOA_7_UPenn_Science",2020-10-30,100,"A+","2020-08-24 - 2020-10-30"
400180,50436699,"Franklin","Shylai","Justin Pitts","2021_KOA_7_UPenn_Science",2020-10-30,94,"A","2020-08-24 - 2020-10-30"
400180,50194586,"Cross","Montrell","Justin Pitts","2021_KOA_7_UPenn_Science",2020-10-30,91,"A-","2020-08-24 - 2020-10-30"
400180,50256318,"Smith-Trice","Marcus","Justin Pitts","2021_KOA_7_Auburn_Science",2020-10-30,85,"B","2020-08-24 - 2020-10-30"
400180,50150888,"Martin","Alena","Justin Pitts","2021_KOA_7_Auburn_Science",2020-10-30,100,"A+","2020-08-24 - 2020-10-30"
400180,50331133,"Cockrell","Justin","Justin Pitts","2021_KOA_7_Auburn_Science",2020-10-30,98,"A+","2020-08-24 - 2020-10-30"
400180,50254561,"McIntyre","Dylan","Justin Pitts","2021_KOA_7_Auburn_Science",2020-10-30,82,"B-","2020-08-24 - 2020-10-30"
400180,50339387,"Mines-Fisher","Donavyn","Justin Pitts","2021_KOA_7_Auburn_Science",2020-10-30,100,"A+","2020-08-24 - 2020-10-30"
400180,50217755,"Johnson","Denajasia","Justin Pitts","2021_KOA_7_Auburn_Science",2020-10-30,80,"B-","2020-08-24 - 2020-10-30"
400180,50073166,"Lee","Marshawn","Justin Pitts","2021_KOA_7_Auburn_Science",2020-10-30,74,"C","2020-08-24 - 2020-10-30"
400180,50140418,"Augustus","Kourtney","Justin Pitts","2021_KOA_7_Auburn_Science",2020-10-30,69,"D+","2020-08-24 - 2020-10-30"
400180,50149581,"Guartan","Christopher","Justin Pitts","2021_KOA_7_Auburn_Science",2020-10-30,90,"A-","2020-08-24 - 2020-10-30"
400180,50205015,"Prater","Josiah","Justin Pitts","2021_KOA_7_Auburn_Science",2020-10-30,72,"C-","2020-08-24 - 2020-10-30"
400180,50217735,"Martinez","Lorena","Justin Pitts","2021_KOA_7_Auburn_Science",2020-10-30,77,"C+","2020-08-24 - 2020-10-30"
400180,50220853,"Butler","Jakee","Justin Pitts","2021_KOA_7_Auburn_Science",2020-10-30,74,"C","2020-08-24 - 2020-10-30"
400180,50237460,"Thomas","Sha'nylah","Justin Pitts","2021_KOA_7_Auburn_Science",2020-10-30,91,"A-","2020-08-24 - 2020-10-30"
400180,50249253,"Martinez","Ashley","Justin Pitts","2021_KOA_7_Auburn_Science",2020-10-30,93,"A-","2020-08-24 - 2020-10-30"
400180,50257655,"Tirado","Brian","Justin Pitts","2021_KOA_7_Auburn_Science",2020-10-30,73,"C","2020-08-24 - 2020-10-30"
400180,50264360,"Marcial","Vanessa","Justin Pitts","2021_KOA_7_Auburn_Science",2020-10-30,92,"A-","2020-08-24 - 2020-10-30"
400180,50320173,"Street","Leah","Justin Pitts","2021_KOA_7_Auburn_Science",2020-10-30,100,"A+","2020-08-24 - 2020-10-30"
400180,50326122,"Fuller","Jason","Justin Pitts","2021_KOA_7_Auburn_Science",2020-10-30,82,"B-","2020-08-24 - 2020-10-30"
400180,50336790,"Ramirez Jr.","Serafin","Justin Pitts","2021_KOA_7_Auburn_Science",2020-10-30,70,"C-","2020-08-24 - 2020-10-30"
400180,50337801,"Talavera","Luis","Justin Pitts","2021_KOA_7_Auburn_Science",2020-10-30,81,"B-","2020-08-24 - 2020-10-30"
400180,50339855,"Arceo","Carmen","Justin Pitts","2021_KOA_7_Auburn_Science",2020-10-30,80,"B-","2020-08-24 - 2020-10-30"
400180,50366700,"Campos","Giselle","Justin Pitts","2021_KOA_7_Auburn_Science",2020-10-30,92,"A-","2020-08-24 - 2020-10-30"
400180,50449425,"Giraldo-Medina","Heidy","Justin Pitts","2021_KOA_7_Auburn_Science",2020-10-30,93,"A-","2020-08-24 - 2020-10-30"
400180,50472340,"Melendez","Jayden","Justin Pitts","2021_KOA_7_Auburn_Science",2020-10-30,82,"B-","2020-08-24 - 2020-10-30"
400180,50230239,"Wilson","Keari","Justin Pitts","2021_KOA_7_Auburn_Science",2020-10-30,87,"B+","2020-08-24 - 2020-10-30"
400180,50407853,"Garcia","Carlos","Justin Pitts","2021_KOA_7_Auburn_Science",2020-10-30,75,"C","2020-08-24 - 2020-10-30"
400180,50256751,"Samaniego","Andrea","Justin Pitts","2021_KOA_7_Auburn_Science",2020-10-30,81,"B-","2020-08-24 - 2020-10-30"
400180,50278346,"Marchan","Yanely","Justin Pitts","2021_KOA_7_Auburn_Science",2020-10-30,84,"B","2020-08-24 - 2020-10-30"
400180,50221557,"Castile","Kaitlyn","Justin Pitts","2021_KOA_7_Auburn_Science",2020-10-30,92,"A-","2020-08-24 - 2020-10-30"
400180,50215840,"Lazaro","Ariana","Justin Pitts","2021_KOA_7_Auburn_Science",2020-10-30,94,"A","2020-08-24 - 2020-10-30"
400180,50278856,"Muniz","Alondra","Justin Pitts","2021_KOA_7_Auburn_Science",2020-10-30,81,"B-","2020-08-24 - 2020-10-30"
400180,50307383,"Williams","Essence","Justin Pitts","2021_KOA_7_Auburn_Science",2020-10-30,73,"C","2020-08-24 - 2020-10-30"
400180,50352508,"Roman","Melissa","Justin Pitts","2021_KOA_7_Auburn_Science",2020-10-30,92,"A-","2020-08-24 - 2020-10-30"
400180,50220542,"Martin","Samariah","Justin Pitts","2021_KOA_7_Auburn_Science",2020-10-30,82,"B-","2020-08-24 - 2020-10-30"
400180,50570479,"Campbell","Naomi","Justin Pitts","2021_KOA_7_Auburn_Science",2020-10-30,72,"C-","2020-08-24 - 2020-10-30"
400180,60033674,"Pacheco-Sanchez","Mireyda","Justin Pitts","2021_KOA_7_Auburn_Science",2020-10-30,94,"A","2020-08-24 - 2020-10-30"
400180,50369418,"Walton","Aubrey","Justin Pitts","2021_KOA_7_Auburn_Science",2020-10-30,94,"A","2020-08-24 - 2020-10-30"
400180,50310367,"Gonzalez","Alexis","Justin Pitts","2021_KOA_7_Auburn_Science",2020-10-30,95,"A","2020-08-24 - 2020-10-30"
400180,50294390,"Jones","Desire","Justin Pitts","2021_KOA_7_Auburn_Science",2020-10-30,91,"A-","2020-08-24 - 2020-10-30"
400180,50296078,"Bibbs","Kaiden","Chris Friedline","2021_KOA_8_Howard_Math",2020-10-30,68,"D+","2020-08-24 - 2020-10-30"
400180,50137816,"Allen","Aniyah","Chris Friedline","2021_KOA_8_Howard_Math",2020-10-30,83,"B","2020-08-24 - 2020-10-30"
400180,50148811,"Davis","Renya","Chris Friedline","2021_KOA_8_Howard_Math",2020-10-30,85,"B","2020-08-24 - 2020-10-30"
400180,50149799,"Tomas Mauricio","Jovani","Chris Friedline","2021_KOA_8_Howard_Math",2020-10-30,92,"A-","2020-08-24 - 2020-10-30"
400180,50154387,"Isleno","Leomar","Chris Friedline","2021_KOA_8_Howard_Math",2020-10-30,99,"A+","2020-08-24 - 2020-10-30"
400180,50167032,"Baldwin","Gregory","Chris Friedline","2021_KOA_8_Howard_Math",2020-10-30,87,"B+","2020-08-24 - 2020-10-30"
400180,50187561,"Roe","Cayla","Chris Friedline","2021_KOA_8_Howard_Math",2020-10-30,81,"B-","2020-08-24 - 2020-10-30"
400180,50190119,"Juarez","Juan","Chris Friedline","2021_KOA_8_Howard_Math",2020-10-30,71,"C-","2020-08-24 - 2020-10-30"
400180,50191537,"Lagunas","Gael","Chris Friedline","2021_KOA_8_Howard_Math",2020-10-30,70,"C-","2020-08-24 - 2020-10-30"
400180,50192186,"McCullough","Chyla","Chris Friedline","2021_KOA_8_Howard_Math",2020-10-30,79,"B-","2020-08-24 - 2020-10-30"
400180,50194338,"Sykes","Saniya","Chris Friedline","2021_KOA_8_Howard_Math",2020-10-30,92,"A-","2020-08-24 - 2020-10-30"
400180,50195670,"Allen","Makari","Chris Friedline","2021_KOA_8_Howard_Math",2020-10-30,80,"B-","2020-08-24 - 2020-10-30"
400180,50211748,"Arroyo","Melissa","Chris Friedline","2021_KOA_8_Howard_Math",2020-10-30,97,"A","2020-08-24 - 2020-10-30"
400180,50214576,"Guijosa","Kimberly","Chris Friedline","2021_KOA_8_Howard_Math",2020-10-30,94,"A","2020-08-24 - 2020-10-30"
400180,50218877,"Gutierrez","Freddy","Chris Friedline","2021_KOA_8_Howard_Math",2020-10-30,70,"C-","2020-08-24 - 2020-10-30"
400180,50223915,"Arenas","Ulises","Chris Friedline","2021_KOA_8_Howard_Math",2020-10-30,83,"B","2020-08-24 - 2020-10-30"
400180,50241588,"Williams","Shavonni","Chris Friedline","2021_KOA_8_Howard_Math",2020-10-30,69,"D+","2020-08-24 - 2020-10-30"
400180,50256547,"Jung","Elijah","Chris Friedline","2021_KOA_8_Howard_Math",2020-10-30,96,"A","2020-08-24 - 2020-10-30"
400180,50286929,"Hernandez","Beyonce","Chris Friedline","2021_KOA_8_Howard_Math",2020-10-30,97,"A","2020-08-24 - 2020-10-30"
400180,50290232,"Brown","Paisley","Chris Friedline","2021_KOA_8_Howard_Math",2020-10-30,90,"A-","2020-08-24 - 2020-10-30"
400180,50290322,"Lumpkin","Christian","Chris Friedline","2021_KOA_8_Howard_Math",2020-10-30,75,"C","2020-08-24 - 2020-10-30"
400180,50291761,"Gillespie","Bryan","Chris Friedline","2021_KOA_8_Howard_Math",2020-10-30,71,"C-","2020-08-24 - 2020-10-30"
400180,50296574,"Henley","Ceddrivontay","Chris Friedline","2021_KOA_8_Howard_Math",2020-10-30,64,"D","2020-08-24 - 2020-10-30"
400180,50296610,"Henley","Ceddriontay","Chris Friedline","2021_KOA_8_Howard_Math",2020-10-30,74,"C","2020-08-24 - 2020-10-30"
400180,50353661,"Anfield","Levaris","Chris Friedline","2021_KOA_8_Howard_Math",2020-10-30,58,"F","2020-08-24 - 2020-10-30"
400180,50183617,"Ortiz","Stheffany","Chris Friedline","2021_KOA_8_Howard_Math",2020-10-30,88,"B+","2020-08-24 - 2020-10-30"
400180,50187033,"Jenkins","Myjai","Chris Friedline","2021_KOA_8_Howard_Math",2020-10-30,82,"B-","2020-08-24 - 2020-10-30"
400180,50174310,"Anderson","Rihanna","Chris Friedline","2021_KOA_8_Howard_Math",2020-10-30,75,"C","2020-08-24 - 2020-10-30"
400180,50152887,"Lazaro","Nathaniel","Chris Friedline","2021_KOA_8_Howard_Math",2020-10-30,98,"A+","2020-08-24 - 2020-10-30"
400180,50235759,"Clark","Kaniah","Chris Friedline","2021_KOA_8_Howard_Math",2020-10-30,77,"C+","2020-08-24 - 2020-10-30"
400180,50253996,"Fernandez","Jessica","Chris Friedline","2021_KOA_8_Howard_Math",2020-10-30,100,"A+","2020-08-24 - 2020-10-30"
400180,60032007,"Zhunio","Alexander","Chris Friedline","2021_KOA_8_Howard_Math",2020-10-30,100,"A+","2020-08-24 - 2020-10-30"
400180,45611671,"Martin","Alfonzia","Chris Friedline","2021_KOA_8_Georgetown_Math",2020-10-30,100,"A+","2020-08-24 - 2020-10-30"
400180,50192448,"Davis","Laniya","Chris Friedline","2021_KOA_8_Georgetown_Math",2020-10-30,81,"B-","2020-08-24 - 2020-10-30"
400180,50347507,"Madkins","Dillon","Chris Friedline","2021_KOA_8_Georgetown_Math",2020-10-30,100,"A+","2020-08-24 - 2020-10-30"
400180,45481174,"Johnson","Derrick","Chris Friedline","2021_KOA_8_Georgetown_Math",2020-10-30,82,"B-","2020-08-24 - 2020-10-30"
400180,50113884,"Lais","Perla","Chris Friedline","2021_KOA_8_Georgetown_Math",2020-10-30,100,"A+","2020-08-24 - 2020-10-30"
400180,50127180,"Hughes","Kylyn","Chris Friedline","2021_KOA_8_Georgetown_Math",2020-10-30,77,"C+","2020-08-24 - 2020-10-30"
400180,50127243,"Hughes","Gavyn","Chris Friedline","2021_KOA_8_Georgetown_Math",2020-10-30,100,"A+","2020-08-24 - 2020-10-30"
400180,50140305,"Zhunio","Kevin","Chris Friedline","2021_KOA_8_Georgetown_Math",2020-10-30,100,"A+","2020-08-24 - 2020-10-30"
400180,50148950,"Samaniego","Brian","Chris Friedline","2021_KOA_8_Georgetown_Math",2020-10-30,57,"F","2020-08-24 - 2020-10-30"
400180,50158125,"Cortez","Jerry","Chris Friedline","2021_KOA_8_Georgetown_Math",2020-10-30,84,"B","2020-08-24 - 2020-10-30"
400180,50158255,"Manzanilla","Kevin","Chris Friedline","2021_KOA_8_Georgetown_Math",2020-10-30,100,"A+","2020-08-24 - 2020-10-30"
400180,50160639,"Urgilez","Jocelyn","Chris Friedline","2021_KOA_8_Georgetown_Math",2020-10-30,100,"A+","2020-08-24 - 2020-10-30"
400180,50161533,"Coronel","Perla","Chris Friedline","2021_KOA_8_Georgetown_Math",2020-10-30,100,"A+","2020-08-24 - 2020-10-30"
400180,50168985,"Marca","Judith","Chris Friedline","2021_KOA_8_Georgetown_Math",2020-10-30,100,"A+","2020-08-24 - 2020-10-30"
400180,50170794,"Jernigan","Zarria","Chris Friedline","2021_KOA_8_Georgetown_Math",2020-10-30,95,"A","2020-08-24 - 2020-10-30"
400180,50177373,"Scarbrough","Zion","Chris Friedline","2021_KOA_8_Georgetown_Math",2020-10-30,81,"B-","2020-08-24 - 2020-10-30"
400180,50220676,"Wilson","Michael","Chris Friedline","2021_KOA_8_Georgetown_Math",2020-10-30,98,"A+","2020-08-24 - 2020-10-30"
400180,50283319,"Salgado","Selena","Chris Friedline","2021_KOA_8_Georgetown_Math",2020-10-30,99,"A+","2020-08-24 - 2020-10-30"
400180,50289130,"Phillips","Dashyra","Chris Friedline","2021_KOA_8_Georgetown_Math",2020-10-30,94,"A","2020-08-24 - 2020-10-30"
400180,50289935,"Green","Tierra","Chris Friedline","2021_KOA_8_Georgetown_Math",2020-10-30,64,"D","2020-08-24 - 2020-10-30"
400180,50296046,"Bibbs Jr.","Keith","Chris Friedline","2021_KOA_8_Georgetown_Math",2020-10-30,56,"F","2020-08-24 - 2020-10-30"
400180,50336517,"Pena","Jared","Chris Friedline","2021_KOA_8_Georgetown_Math",2020-10-30,84,"B","2020-08-24 - 2020-10-30"
400180,50398660,"Davis","Ashiya","Chris Friedline","2021_KOA_8_Georgetown_Math",2020-10-30,92,"A-","2020-08-24 - 2020-10-30"
400180,50410492,"Turner","Jilani","Chris Friedline","2021_KOA_8_Georgetown_Math",2020-10-30,100,"A+","2020-08-24 - 2020-10-30"
400180,50475007,"Talley","Shamaria","Chris Friedline","2021_KOA_8_Georgetown_Math",2020-10-30,85,"B","2020-08-24 - 2020-10-30"
400180,50475551,"Talley","Omaria","Chris Friedline","2021_KOA_8_Georgetown_Math",2020-10-30,87,"B+","2020-08-24 - 2020-10-30"
400180,50140016,"Ramirez","Giselle","Chris Friedline","2021_KOA_8_Georgetown_Math",2020-10-30,98,"A+","2020-08-24 - 2020-10-30"
400180,50292803,"Ward","Haley","Chris Friedline","2021_KOA_8_Georgetown_Math",2020-10-30,76,"C","2020-08-24 - 2020-10-30"
400180,50157401,"Salcido","Leticia","Chris Friedline","2021_KOA_8_Georgetown_Math",2020-10-30,100,"A+","2020-08-24 - 2020-10-30"
400180,50208190,"Mack","Zamiyah","Chris Friedline","2021_KOA_8_Georgetown_Math",2020-10-30,94,"A","2020-08-24 - 2020-10-30"
400180,50094498,"Flores","Jazmin","Chris Friedline","2021_KOA_8_Georgetown_Math",2020-10-30,85,"B","2020-08-24 - 2020-10-30"
400180,50208003,"Rivera","Sonia","Chris Friedline","2021_KOA_8_Georgetown_Math",2020-10-30,100,"A+","2020-08-24 - 2020-10-30"
400180,50189740,"Washington","Marriah","Chris Friedline","2021_KOA_8_Georgetown_Math",2020-10-30,77,"C+","2020-08-24 - 2020-10-30"
400180,50111392,"Lewis","Kannon","Chris Friedline","2021_KOA_8_Georgetown_Math",2020-10-30,77,"C+","2020-08-24 - 2020-10-30"
400180,50749516,"Lopez Barbosa","Isabella","Chris Friedline","2021_KOA_8_Georgetown_Math",2020-10-30,100,"A+","2020-08-24 - 2020-10-30"
400180,50232136,"Rucker","Kenneth","Alice Gustafson","2021_KOA_8_DL_ELA",2020-10-30,84,"B","2020-08-24 - 2020-10-30"
400180,50149853,"Ramirez","Amir","Alice Gustafson","2021_KOA_8_DL_ELA",2020-10-30,81,"B-","2020-08-24 - 2020-10-30"
400180,50149762,"Jones","Temirah","Alice Gustafson","2021_KOA_8_DL_ELA",2020-10-30,84,"B","2020-08-24 - 2020-10-30"
400180,50218130,"Carranco","Kimberly","Alice Gustafson","2021_KOA_8_DL_ELA",2020-10-30,73,"C","2020-08-24 - 2020-10-30"
400180,50220199,"Davis","Jenaya","Alice Gustafson","2021_KOA_8_DL_ELA",2020-10-30,76,"C","2020-08-24 - 2020-10-30"
400180,50366693,"Campos","Yurany","Alice Gustafson","2021_KOA_8_DL_ELA",2020-10-30,92,"A","2020-08-24 - 2020-10-30"
400180,50201553,"Steele","Jourdaine","Chris Friedline","2021_KOA_8_Texas_Math",2020-10-30,83,"B","2020-08-24 - 2020-10-30"
400180,50296078,"Bibbs","Kaiden",NA,"2021_KAC_7_Science",2020-10-30,70,"C-","2020-08-24 - 2020-10-30"
400180,50296078,"Bibbs","Kaiden",NA,"2021_KAC_5_Math",2020-10-30,70,"C-","2020-08-24 - 2020-10-30"
400180,50296078,"Bibbs","Kaiden",NA,"2021_KAC_6_SS",2020-10-30,70,"C-","2020-08-24 - 2020-10-30"
400180,50296078,"Bibbs","Kaiden",NA,"2021_KAC_8_ELA",2020-10-30,70,"C-","2020-08-24 - 2020-10-30"
400180,50296078,"Bibbs","Kaiden",NA,"2021_KAC_6_ELA",2020-10-30,70,"C-","2020-08-24 - 2020-10-30"
400180,50296078,"Bibbs","Kaiden",NA,"2021_KAC_7_ELA",2020-10-30,70,"C-","2020-08-24 - 2020-10-30"
400180,50296078,"Bibbs","Kaiden",NA,"2021_KAC_6_Science",2020-10-30,70,"C-","2020-08-24 - 2020-10-30"
400180,50296078,"Bibbs","Kaiden",NA,"2021_KAC_5_Science",2020-10-30,70,"C-","2020-08-24 - 2020-10-30"
400180,50296078,"Bibbs","Kaiden",NA,"2021_KAC_5_Reading",2020-10-30,70,"C-","2020-08-24 - 2020-10-30"
400180,50296078,"Bibbs","Kaiden",NA,"2021_KAC_7_Social Studies",2020-10-30,70,"C-","2020-08-24 - 2020-10-30"
400180,50296078,"Bibbs","Kaiden",NA,"2021_KAC_8_Science",2020-10-30,70,"C-","2020-08-24 - 2020-10-30"
400180,50296078,"Bibbs","Kaiden",NA,"2021_KAC_8_Math",2020-10-30,70,"C-","2020-08-24 - 2020-10-30"
400180,50296078,"Bibbs","Kaiden",NA,"2021_KAMS_5_ELA",2020-10-30,70,"C-","2020-08-24 - 2020-10-30"
400180,50296078,"Bibbs","Kaiden",NA,"2021_KAMS_5_MATH",2020-10-30,70,"C-","2020-08-24 - 2020-10-30"
400180,50296078,"Bibbs","Kaiden",NA,"20-21_KAMS_5_Centers",2020-10-30,70,"C-","2020-08-24 - 2020-10-30"
400180,50296078,"Bibbs","Kaiden",NA,"2021_KAMS_5_Science",2020-10-30,70,"C-","2020-08-24 - 2020-10-30"
400180,50296078,"Bibbs","Kaiden",NA,"2021_KAMS_6th_Math",2020-10-30,70,"C-","2020-08-24 - 2020-10-30"
400180,50296078,"Bibbs","Kaiden",NA,"2021_KAMS_6_ELA",2020-10-30,70,"C-","2020-08-24 - 2020-10-30"
400180,50296078,"Bibbs","Kaiden",NA,"2021_KAMS_6_Literacy Centers",2020-10-30,70,"C-","2020-08-24 - 2020-10-30"
400180,50296078,"Bibbs","Kaiden",NA,"2021_KAMS_6th_Science",2020-10-30,70,"C-","2020-08-24 - 2020-10-30"
400180,50296078,"Bibbs","Kaiden",NA,"2021_KAMS_7_Math",2020-10-30,70,"C-","2020-08-24 - 2020-10-30"
400180,50296078,"Bibbs","Kaiden",NA,"2021_KAMS_7_ELA",2020-10-30,70,"C-","2020-08-24 - 2020-10-30"
400180,50296078,"Bibbs","Kaiden",NA,"2021_KAMS_7_SOCIAL STUDIES",2020-10-30,70,"C-","2020-08-24 - 2020-10-30"
400180,50296078,"Bibbs","Kaiden",NA,"2021_KAMS_7_Science",2020-10-30,70,"C-","2020-08-24 - 2020-10-30"
400180,50296078,"Bibbs","Kaiden",NA,"2021_KAMS_8_SS",2020-10-30,70,"C-","2020-08-24 - 2020-10-30"
400180,50296078,"Bibbs","Kaiden",NA,"2021_KAMS_8_ELA",2020-10-30,70,"C-","2020-08-24 - 2020-10-30"
400180,50296078,"Bibbs","Kaiden",NA,"2021_KAMS_8_Math",2020-10-30,70,"C-","2020-08-24 - 2020-10-30"
400180,50296078,"Bibbs","Kaiden",NA,"2021_KAMS_8_Science",2020-10-30,70,"C-","2020-08-24 - 2020-10-30"
400180,50296078,"Bibbs","Kaiden",NA,"2021_KBCP_5_Science",2020-10-30,70,"C-","2020-08-24 - 2020-10-30"
400180,50296078,"Bibbs","Kaiden",NA,"2021_KOA_5th_ELA",2020-10-30,70,"C-","2020-08-24 - 2020-10-30"
400180,50296078,"Bibbs","Kaiden",NA,"2021_KOA_5_Math",2020-10-30,70,"C-","2020-08-24 - 2020-10-30"
400180,50296078,"Bibbs","Kaiden",NA,"2021_KOA_5_Science",2020-10-30,70,"C-","2020-08-24 - 2020-10-30"
400180,50296078,"Bibbs","Kaiden",NA,"2021_KOA_6_ELA",2020-10-30,70,"C-","2020-08-24 - 2020-10-30"
400180,50296078,"Bibbs","Kaiden",NA,"2021_KOA_6_Social Studies",2020-10-30,70,"C-","2020-08-24 - 2020-10-30"
400180,50296078,"Bibbs","Kaiden",NA,"2021_KOA_6_Science",2020-10-30,70,"C-","2020-08-24 - 2020-10-30"
400180,50296078,"Bibbs","Kaiden",NA,"2021_KOA_6_Math",2020-10-30,70,"C-","2020-08-24 - 2020-10-30"
400180,50296078,"Bibbs","Kaiden",NA,"2021_KOA_7_ELA",2020-10-30,70,"C-","2020-08-24 - 2020-10-30"
400180,50296078,"Bibbs","Kaiden",NA,"2021_KOA_7_SS",2020-10-30,70,"C-","2020-08-24 - 2020-10-30"
400180,50296078,"Bibbs","Kaiden",NA,"2021_KOA_8_Science",2020-10-30,70,"C-","2020-08-24 - 2020-10-30"
400180,50296078,"Bibbs","Kaiden",NA,"2021_KOA_8_ELA",2020-10-30,70,"C-","2020-08-24 - 2020-10-30"
400180,50192186,"McCullough","Chyla",NA,"2021_KAC_7_Science",2020-10-30,80,"B-","2020-08-24 - 2020-10-30"
400180,50192186,"McCullough","Chyla",NA,"2021_KAC_5_Math",2020-10-30,80,"B-","2020-08-24 - 2020-10-30"
400180,50192186,"McCullough","Chyla",NA,"2021_KAC_6_SS",2020-10-30,80,"B-","2020-08-24 - 2020-10-30"
400180,50192186,"McCullough","Chyla",NA,"2021_KAC_8_ELA",2020-10-30,80,"B-","2020-08-24 - 2020-10-30"
400180,50192186,"McCullough","Chyla",NA,"2021_KAC_6_ELA",2020-10-30,80,"B-","2020-08-24 - 2020-10-30"
400180,50192186,"McCullough","Chyla",NA,"2021_KAC_7_ELA",2020-10-30,80,"B-","2020-08-24 - 2020-10-30"
400180,50192186,"McCullough","Chyla",NA,"2021_KAC_6_Science",2020-10-30,80,"B-","2020-08-24 - 2020-10-30"
400180,50192186,"McCullough","Chyla",NA,"2021_KAC_5_Science",2020-10-30,80,"B-","2020-08-24 - 2020-10-30"
400180,50192186,"McCullough","Chyla",NA,"2021_KAC_5_Reading",2020-10-30,80,"B-","2020-08-24 - 2020-10-30"
400180,50192186,"McCullough","Chyla",NA,"2021_KAC_7_Social Studies",2020-10-30,80,"B-","2020-08-24 - 2020-10-30"
400180,50192186,"McCullough","Chyla",NA,"2021_KAC_8_Science",2020-10-30,80,"B-","2020-08-24 - 2020-10-30"
400180,50192186,"McCullough","Chyla",NA,"2021_KAC_8_Math",2020-10-30,80,"B-","2020-08-24 - 2020-10-30"
400180,50192186,"McCullough","Chyla",NA,"2021_KAMS_5_ELA",2020-10-30,80,"B-","2020-08-24 - 2020-10-30"
400180,50192186,"McCullough","Chyla",NA,"2021_KAMS_5_MATH",2020-10-30,80,"B-","2020-08-24 - 2020-10-30"
400180,50192186,"McCullough","Chyla",NA,"20-21_KAMS_5_Centers",2020-10-30,80,"B-","2020-08-24 - 2020-10-30"
400180,50192186,"McCullough","Chyla",NA,"2021_KAMS_5_Science",2020-10-30,80,"B-","2020-08-24 - 2020-10-30"
400180,50192186,"McCullough","Chyla",NA,"2021_KAMS_6th_Math",2020-10-30,80,"B-","2020-08-24 - 2020-10-30"
400180,50192186,"McCullough","Chyla",NA,"2021_KAMS_6_ELA",2020-10-30,80,"B-","2020-08-24 - 2020-10-30"
400180,50192186,"McCullough","Chyla",NA,"2021_KAMS_6_Literacy Centers",2020-10-30,80,"B-","2020-08-24 - 2020-10-30"
400180,50192186,"McCullough","Chyla",NA,"2021_KAMS_6th_Science",2020-10-30,80,"B-","2020-08-24 - 2020-10-30"
400180,50192186,"McCullough","Chyla",NA,"2021_KAMS_7_Math",2020-10-30,80,"B-","2020-08-24 - 2020-10-30"
400180,50192186,"McCullough","Chyla",NA,"2021_KAMS_7_ELA",2020-10-30,80,"B-","2020-08-24 - 2020-10-30"
400180,50192186,"McCullough","Chyla",NA,"2021_KAMS_7_SOCIAL STUDIES",2020-10-30,80,"B-","2020-08-24 - 2020-10-30"
400180,50192186,"McCullough","Chyla",NA,"2021_KAMS_7_Science",2020-10-30,80,"B-","2020-08-24 - 2020-10-30"
400180,50192186,"McCullough","Chyla",NA,"2021_KAMS_8_SS",2020-10-30,80,"B-","2020-08-24 - 2020-10-30"
400180,50192186,"McCullough","Chyla",NA,"2021_KAMS_8_ELA",2020-10-30,80,"B-","2020-08-24 - 2020-10-30"
400180,50192186,"McCullough","Chyla",NA,"2021_KAMS_8_Math",2020-10-30,80,"B-","2020-08-24 - 2020-10-30"
400180,50192186,"McCullough","Chyla",NA,"2021_KAMS_8_Science",2020-10-30,80,"B-","2020-08-24 - 2020-10-30"
400180,50192186,"McCullough","Chyla",NA,"2021_KBCP_5_Science",2020-10-30,80,"B-","2020-08-24 - 2020-10-30"
400180,50192186,"McCullough","Chyla",NA,"2021_KOA_5th_ELA",2020-10-30,80,"B-","2020-08-24 - 2020-10-30"
400180,50192186,"McCullough","Chyla",NA,"2021_KOA_5_Math",2020-10-30,80,"B-","2020-08-24 - 2020-10-30"
400180,50192186,"McCullough","Chyla",NA,"2021_KOA_5_Science",2020-10-30,80,"B-","2020-08-24 - 2020-10-30"
400180,50192186,"McCullough","Chyla",NA,"2021_KOA_6_ELA",2020-10-30,80,"B-","2020-08-24 - 2020-10-30"
400180,50192186,"McCullough","Chyla",NA,"2021_KOA_6_Social Studies",2020-10-30,80,"B-","2020-08-24 - 2020-10-30"
400180,50192186,"McCullough","Chyla",NA,"2021_KOA_6_Science",2020-10-30,80,"B-","2020-08-24 - 2020-10-30"
400180,50192186,"McCullough","Chyla",NA,"2021_KOA_6_Math",2020-10-30,80,"B-","2020-08-24 - 2020-10-30"
400180,50192186,"McCullough","Chyla",NA,"2021_KOA_7_ELA",2020-10-30,80,"B-","2020-08-24 - 2020-10-30"
400180,50192186,"McCullough","Chyla",NA,"2021_KOA_7_SS",2020-10-30,80,"B-","2020-08-24 - 2020-10-30"
400180,50192186,"McCullough","Chyla",NA,"2021_KOA_8_Science",2020-10-30,80,"B-","2020-08-24 - 2020-10-30"
400180,50192186,"McCullough","Chyla",NA,"2021_KOA_8_ELA",2020-10-30,80,"B-","2020-08-24 - 2020-10-30"
400180,50241588,"Williams","Shavonni",NA,"2021_KAC_7_Science",2020-10-30,70,"C-","2020-08-24 - 2020-10-30"
400180,50241588,"Williams","Shavonni",NA,"2021_KAC_5_Math",2020-10-30,70,"C-","2020-08-24 - 2020-10-30"
400180,50241588,"Williams","Shavonni",NA,"2021_KAC_6_SS",2020-10-30,70,"C-","2020-08-24 - 2020-10-30"
400180,50241588,"Williams","Shavonni",NA,"2021_KAC_8_ELA",2020-10-30,70,"C-","2020-08-24 - 2020-10-30"
400180,50241588,"Williams","Shavonni",NA,"2021_KAC_6_ELA",2020-10-30,70,"C-","2020-08-24 - 2020-10-30"
400180,50241588,"Williams","Shavonni",NA,"2021_KAC_7_ELA",2020-10-30,70,"C-","2020-08-24 - 2020-10-30"
400180,50241588,"Williams","Shavonni",NA,"2021_KAC_6_Science",2020-10-30,70,"C-","2020-08-24 - 2020-10-30"
400180,50241588,"Williams","Shavonni",NA,"2021_KAC_5_Science",2020-10-30,70,"C-","2020-08-24 - 2020-10-30"
400180,50241588,"Williams","Shavonni",NA,"2021_KAC_5_Reading",2020-10-30,70,"C-","2020-08-24 - 2020-10-30"
400180,50241588,"Williams","Shavonni",NA,"2021_KAC_7_Social Studies",2020-10-30,70,"C-","2020-08-24 - 2020-10-30"
400180,50241588,"Williams","Shavonni",NA,"2021_KAC_8_Science",2020-10-30,70,"C-","2020-08-24 - 2020-10-30"
400180,50241588,"Williams","Shavonni",NA,"2021_KAC_8_Math",2020-10-30,70,"C-","2020-08-24 - 2020-10-30"
400180,50241588,"Williams","Shavonni",NA,"2021_KAMS_5_ELA",2020-10-30,70,"C-","2020-08-24 - 2020-10-30"
400180,50241588,"Williams","Shavonni",NA,"2021_KAMS_5_MATH",2020-10-30,70,"C-","2020-08-24 - 2020-10-30"
400180,50241588,"Williams","Shavonni",NA,"20-21_KAMS_5_Centers",2020-10-30,70,"C-","2020-08-24 - 2020-10-30"
400180,50241588,"Williams","Shavonni",NA,"2021_KAMS_5_Science",2020-10-30,70,"C-","2020-08-24 - 2020-10-30"
400180,50241588,"Williams","Shavonni",NA,"2021_KAMS_6th_Math",2020-10-30,70,"C-","2020-08-24 - 2020-10-30"
400180,50241588,"Williams","Shavonni",NA,"2021_KAMS_6_ELA",2020-10-30,70,"C-","2020-08-24 - 2020-10-30"
400180,50241588,"Williams","Shavonni",NA,"2021_KAMS_6_Literacy Centers",2020-10-30,70,"C-","2020-08-24 - 2020-10-30"
400180,50241588,"Williams","Shavonni",NA,"2021_KAMS_6th_Science",2020-10-30,70,"C-","2020-08-24 - 2020-10-30"
400180,50241588,"Williams","Shavonni",NA,"2021_KAMS_7_Math",2020-10-30,70,"C-","2020-08-24 - 2020-10-30"
400180,50241588,"Williams","Shavonni",NA,"2021_KAMS_7_ELA",2020-10-30,70,"C-","2020-08-24 - 2020-10-30"
400180,50241588,"Williams","Shavonni",NA,"2021_KAMS_7_SOCIAL STUDIES",2020-10-30,70,"C-","2020-08-24 - 2020-10-30"
400180,50241588,"Williams","Shavonni",NA,"2021_KAMS_7_Science",2020-10-30,70,"C-","2020-08-24 - 2020-10-30"
400180,50241588,"Williams","Shavonni",NA,"2021_KAMS_8_SS",2020-10-30,70,"C-","2020-08-24 - 2020-10-30"
400180,50241588,"Williams","Shavonni",NA,"2021_KAMS_8_ELA",2020-10-30,70,"C-","2020-08-24 - 2020-10-30"
400180,50241588,"Williams","Shavonni",NA,"2021_KAMS_8_Math",2020-10-30,70,"C-","2020-08-24 - 2020-10-30"
400180,50241588,"Williams","Shavonni",NA,"2021_KAMS_8_Science",2020-10-30,70,"C-","2020-08-24 - 2020-10-30"
400180,50241588,"Williams","Shavonni",NA,"2021_KBCP_5_Science",2020-10-30,70,"C-","2020-08-24 - 2020-10-30"
400180,50241588,"Williams","Shavonni",NA,"2021_KOA_5th_ELA",2020-10-30,70,"C-","2020-08-24 - 2020-10-30"
400180,50241588,"Williams","Shavonni",NA,"2021_KOA_5_Math",2020-10-30,70,"C-","2020-08-24 - 2020-10-30"
400180,50241588,"Williams","Shavonni",NA,"2021_KOA_5_Science",2020-10-30,70,"C-","2020-08-24 - 2020-10-30"
400180,50241588,"Williams","Shavonni",NA,"2021_KOA_6_ELA",2020-10-30,70,"C-","2020-08-24 - 2020-10-30"
400180,50241588,"Williams","Shavonni",NA,"2021_KOA_6_Social Studies",2020-10-30,70,"C-","2020-08-24 - 2020-10-30"
400180,50241588,"Williams","Shavonni",NA,"2021_KOA_6_Science",2020-10-30,70,"C-","2020-08-24 - 2020-10-30"
400180,50241588,"Williams","Shavonni",NA,"2021_KOA_6_Math",2020-10-30,70,"C-","2020-08-24 - 2020-10-30"
400180,50241588,"Williams","Shavonni",NA,"2021_KOA_7_ELA",2020-10-30,70,"C-","2020-08-24 - 2020-10-30"
400180,50241588,"Williams","Shavonni",NA,"2021_KOA_7_SS",2020-10-30,70,"C-","2020-08-24 - 2020-10-30"
400180,50241588,"Williams","Shavonni",NA,"2021_KOA_8_Science",2020-10-30,70,"C-","2020-08-24 - 2020-10-30"
400180,50241588,"Williams","Shavonni",NA,"2021_KOA_8_ELA",2020-10-30,70,"C-","2020-08-24 - 2020-10-30"
400180,50296574,"Henley","Ceddrivontay",NA,"2021_KAC_7_Science",2020-10-30,70,"C-","2020-08-24 - 2020-10-30"
400180,50296574,"Henley","Ceddrivontay",NA,"2021_KAC_5_Math",2020-10-30,70,"C-","2020-08-24 - 2020-10-30"
400180,50296574,"Henley","Ceddrivontay",NA,"2021_KAC_6_SS",2020-10-30,70,"C-","2020-08-24 - 2020-10-30"
400180,50296574,"Henley","Ceddrivontay",NA,"2021_KAC_8_ELA",2020-10-30,70,"C-","2020-08-24 - 2020-10-30"
400180,50296574,"Henley","Ceddrivontay",NA,"2021_KAC_6_ELA",2020-10-30,70,"C-","2020-08-24 - 2020-10-30"
400180,50296574,"Henley","Ceddrivontay",NA,"2021_KAC_7_ELA",2020-10-30,70,"C-","2020-08-24 - 2020-10-30"
400180,50296574,"Henley","Ceddrivontay",NA,"2021_KAC_6_Science",2020-10-30,70,"C-","2020-08-24 - 2020-10-30"
400180,50296574,"Henley","Ceddrivontay",NA,"2021_KAC_5_Science",2020-10-30,70,"C-","2020-08-24 - 2020-10-30"
400180,50296574,"Henley","Ceddrivontay",NA,"2021_KAC_5_Reading",2020-10-30,70,"C-","2020-08-24 - 2020-10-30"
400180,50296574,"Henley","Ceddrivontay",NA,"2021_KAC_7_Social Studies",2020-10-30,70,"C-","2020-08-24 - 2020-10-30"
400180,50296574,"Henley","Ceddrivontay",NA,"2021_KAC_8_Science",2020-10-30,70,"C-","2020-08-24 - 2020-10-30"
400180,50296574,"Henley","Ceddrivontay",NA,"2021_KAC_8_Math",2020-10-30,70,"C-","2020-08-24 - 2020-10-30"
400180,50296574,"Henley","Ceddrivontay",NA,"2021_KAMS_5_ELA",2020-10-30,70,"C-","2020-08-24 - 2020-10-30"
400180,50296574,"Henley","Ceddrivontay",NA,"2021_KAMS_5_MATH",2020-10-30,70,"C-","2020-08-24 - 2020-10-30"
400180,50296574,"Henley","Ceddrivontay",NA,"20-21_KAMS_5_Centers",2020-10-30,70,"C-","2020-08-24 - 2020-10-30"
400180,50296574,"Henley","Ceddrivontay",NA,"2021_KAMS_5_Science",2020-10-30,70,"C-","2020-08-24 - 2020-10-30"
400180,50296574,"Henley","Ceddrivontay",NA,"2021_KAMS_6th_Math",2020-10-30,70,"C-","2020-08-24 - 2020-10-30"
400180,50296574,"Henley","Ceddrivontay",NA,"2021_KAMS_6_ELA",2020-10-30,70,"C-","2020-08-24 - 2020-10-30"
400180,50296574,"Henley","Ceddrivontay",NA,"2021_KAMS_6_Literacy Centers",2020-10-30,70,"C-","2020-08-24 - 2020-10-30"
400180,50296574,"Henley","Ceddrivontay",NA,"2021_KAMS_6th_Science",2020-10-30,70,"C-","2020-08-24 - 2020-10-30"
400180,50296574,"Henley","Ceddrivontay",NA,"2021_KAMS_7_Math",2020-10-30,70,"C-","2020-08-24 - 2020-10-30"
400180,50296574,"Henley","Ceddrivontay",NA,"2021_KAMS_7_ELA",2020-10-30,70,"C-","2020-08-24 - 2020-10-30"
400180,50296574,"Henley","Ceddrivontay",NA,"2021_KAMS_7_SOCIAL STUDIES",2020-10-30,70,"C-","2020-08-24 - 2020-10-30"
400180,50296574,"Henley","Ceddrivontay",NA,"2021_KAMS_7_Science",2020-10-30,70,"C-","2020-08-24 - 2020-10-30"
400180,50296574,"Henley","Ceddrivontay",NA,"2021_KAMS_8_SS",2020-10-30,70,"C-","2020-08-24 - 2020-10-30"
400180,50296574,"Henley","Ceddrivontay",NA,"2021_KAMS_8_ELA",2020-10-30,70,"C-","2020-08-24 - 2020-10-30"
400180,50296574,"Henley","Ceddrivontay",NA,"2021_KAMS_8_Math",2020-10-30,70,"C-","2020-08-24 - 2020-10-30"
400180,50296574,"Henley","Ceddrivontay",NA,"2021_KAMS_8_Science",2020-10-30,70,"C-","2020-08-24 - 2020-10-30"
400180,50296574,"Henley","Ceddrivontay",NA,"2021_KBCP_5_Science",2020-10-30,70,"C-","2020-08-24 - 2020-10-30"
400180,50296574,"Henley","Ceddrivontay",NA,"2021_KOA_5th_ELA",2020-10-30,70,"C-","2020-08-24 - 2020-10-30"
400180,50296574,"Henley","Ceddrivontay",NA,"2021_KOA_5_Math",2020-10-30,70,"C-","2020-08-24 - 2020-10-30"
400180,50296574,"Henley","Ceddrivontay",NA,"2021_KOA_5_Science",2020-10-30,70,"C-","2020-08-24 - 2020-10-30"
400180,50296574,"Henley","Ceddrivontay",NA,"2021_KOA_6_ELA",2020-10-30,70,"C-","2020-08-24 - 2020-10-30"
400180,50296574,"Henley","Ceddrivontay",NA,"2021_KOA_6_Social Studies",2020-10-30,70,"C-","2020-08-24 - 2020-10-30"
400180,50296574,"Henley","Ceddrivontay",NA,"2021_KOA_6_Science",2020-10-30,70,"C-","2020-08-24 - 2020-10-30"
400180,50296574,"Henley","Ceddrivontay",NA,"2021_KOA_6_Math",2020-10-30,70,"C-","2020-08-24 - 2020-10-30"
400180,50296574,"Henley","Ceddrivontay",NA,"2021_KOA_7_ELA",2020-10-30,70,"C-","2020-08-24 - 2020-10-30"
400180,50296574,"Henley","Ceddrivontay",NA,"2021_KOA_7_SS",2020-10-30,70,"C-","2020-08-24 - 2020-10-30"
400180,50296574,"Henley","Ceddrivontay",NA,"2021_KOA_8_Science",2020-10-30,70,"C-","2020-08-24 - 2020-10-30"
400180,50296574,"Henley","Ceddrivontay",NA,"2021_KOA_8_ELA",2020-10-30,70,"C-","2020-08-24 - 2020-10-30"
400180,50353661,"Anfield","Levaris",NA,"2021_KAC_7_Science",2020-10-30,70,"C-","2020-08-24 - 2020-10-30"
400180,50353661,"Anfield","Levaris",NA,"2021_KAC_5_Math",2020-10-30,70,"C-","2020-08-24 - 2020-10-30"
400180,50353661,"Anfield","Levaris",NA,"2021_KAC_6_SS",2020-10-30,70,"C-","2020-08-24 - 2020-10-30"
400180,50353661,"Anfield","Levaris",NA,"2021_KAC_8_ELA",2020-10-30,70,"C-","2020-08-24 - 2020-10-30"
400180,50353661,"Anfield","Levaris",NA,"2021_KAC_6_ELA",2020-10-30,70,"C-","2020-08-24 - 2020-10-30"
400180,50353661,"Anfield","Levaris",NA,"2021_KAC_7_ELA",2020-10-30,70,"C-","2020-08-24 - 2020-10-30"
400180,50353661,"Anfield","Levaris",NA,"2021_KAC_6_Science",2020-10-30,70,"C-","2020-08-24 - 2020-10-30"
400180,50353661,"Anfield","Levaris",NA,"2021_KAC_5_Science",2020-10-30,70,"C-","2020-08-24 - 2020-10-30"
400180,50353661,"Anfield","Levaris",NA,"2021_KAC_5_Reading",2020-10-30,70,"C-","2020-08-24 - 2020-10-30"
400180,50353661,"Anfield","Levaris",NA,"2021_KAC_7_Social Studies",2020-10-30,70,"C-","2020-08-24 - 2020-10-30"
400180,50353661,"Anfield","Levaris",NA,"2021_KAC_8_Science",2020-10-30,70,"C-","2020-08-24 - 2020-10-30"
400180,50353661,"Anfield","Levaris",NA,"2021_KAC_8_Math",2020-10-30,70,"C-","2020-08-24 - 2020-10-30"
400180,50353661,"Anfield","Levaris",NA,"2021_KAMS_5_ELA",2020-10-30,70,"C-","2020-08-24 - 2020-10-30"
400180,50353661,"Anfield","Levaris",NA,"2021_KAMS_5_MATH",2020-10-30,70,"C-","2020-08-24 - 2020-10-30"
400180,50353661,"Anfield","Levaris",NA,"20-21_KAMS_5_Centers",2020-10-30,70,"C-","2020-08-24 - 2020-10-30"
400180,50353661,"Anfield","Levaris",NA,"2021_KAMS_5_Science",2020-10-30,70,"C-","2020-08-24 - 2020-10-30"
400180,50353661,"Anfield","Levaris",NA,"2021_KAMS_6th_Math",2020-10-30,70,"C-","2020-08-24 - 2020-10-30"
400180,50353661,"Anfield","Levaris",NA,"2021_KAMS_6_ELA",2020-10-30,70,"C-","2020-08-24 - 2020-10-30"
400180,50353661,"Anfield","Levaris",NA,"2021_KAMS_6_Literacy Centers",2020-10-30,70,"C-","2020-08-24 - 2020-10-30"
400180,50353661,"Anfield","Levaris",NA,"2021_KAMS_6th_Science",2020-10-30,70,"C-","2020-08-24 - 2020-10-30"
400180,50353661,"Anfield","Levaris",NA,"2021_KAMS_7_Math",2020-10-30,70,"C-","2020-08-24 - 2020-10-30"
400180,50353661,"Anfield","Levaris",NA,"2021_KAMS_7_ELA",2020-10-30,70,"C-","2020-08-24 - 2020-10-30"
400180,50353661,"Anfield","Levaris",NA,"2021_KAMS_7_SOCIAL STUDIES",2020-10-30,70,"C-","2020-08-24 - 2020-10-30"
400180,50353661,"Anfield","Levaris",NA,"2021_KAMS_7_Science",2020-10-30,70,"C-","2020-08-24 - 2020-10-30"
400180,50353661,"Anfield","Levaris",NA,"2021_KAMS_8_SS",2020-10-30,70,"C-","2020-08-24 - 2020-10-30"
400180,50353661,"Anfield","Levaris",NA,"2021_KAMS_8_ELA",2020-10-30,70,"C-","2020-08-24 - 2020-10-30"
400180,50353661,"Anfield","Levaris",NA,"2021_KAMS_8_Math",2020-10-30,70,"C-","2020-08-24 - 2020-10-30"
400180,50353661,"Anfield","Levaris",NA,"2021_KAMS_8_Science",2020-10-30,70,"C-","2020-08-24 - 2020-10-30"
400180,50353661,"Anfield","Levaris",NA,"2021_KBCP_5_Science",2020-10-30,70,"C-","2020-08-24 - 2020-10-30"
400180,50353661,"Anfield","Levaris",NA,"2021_KOA_5th_ELA",2020-10-30,70,"C-","2020-08-24 - 2020-10-30"
400180,50353661,"Anfield","Levaris",NA,"2021_KOA_5_Math",2020-10-30,70,"C-","2020-08-24 - 2020-10-30"
400180,50353661,"Anfield","Levaris",NA,"2021_KOA_5_Science",2020-10-30,70,"C-","2020-08-24 - 2020-10-30"
400180,50353661,"Anfield","Levaris",NA,"2021_KOA_6_ELA",2020-10-30,70,"C-","2020-08-24 - 2020-10-30"
400180,50353661,"Anfield","Levaris",NA,"2021_KOA_6_Social Studies",2020-10-30,70,"C-","2020-08-24 - 2020-10-30"
400180,50353661,"Anfield","Levaris",NA,"2021_KOA_6_Science",2020-10-30,70,"C-","2020-08-24 - 2020-10-30"
400180,50353661,"Anfield","Levaris",NA,"2021_KOA_6_Math",2020-10-30,70,"C-","2020-08-24 - 2020-10-30"
400180,50353661,"Anfield","Levaris",NA,"2021_KOA_7_ELA",2020-10-30,70,"C-","2020-08-24 - 2020-10-30"
400180,50353661,"Anfield","Levaris",NA,"2021_KOA_7_SS",2020-10-30,70,"C-","2020-08-24 - 2020-10-30"
400180,50353661,"Anfield","Levaris",NA,"2021_KOA_8_Science",2020-10-30,70,"C-","2020-08-24 - 2020-10-30"
400180,50353661,"Anfield","Levaris",NA,"2021_KOA_8_ELA",2020-10-30,70,"C-","2020-08-24 - 2020-10-30"
400180,50315182,"Henderson","Devin","Chris Friedline","2021_KOA_8_Texas_Math",2020-10-30,84,"B","2020-08-24 - 2020-10-30"
400180,45550516,"Gray","Jada","Chris Friedline","2021_KOA_8_Texas_Math",2020-10-30,85,"B","2020-08-24 - 2020-10-30"
400180,50093868,"Moore","Kaniyah","Chris Friedline","2021_KOA_8_Texas_Math",2020-10-30,70,"C-","2020-08-24 - 2020-10-30"
400180,50114214,"Plunkett","Everion","Chris Friedline","2021_KOA_8_Texas_Math",2020-10-30,70,"C-","2020-08-24 - 2020-10-30"
400180,50084055,"Dickens","Jeniyah","Chris Friedline","2021_KOA_8_Texas_Math",2020-10-30,70,"C-","2020-08-24 - 2020-10-30"
400180,50098512,"Arias","Cristian","Chris Friedline","2021_KOA_8_Texas_Math",2020-10-30,88,"B+","2020-08-24 - 2020-10-30"
400180,50132017,"Navarrete","Livia","Chris Friedline","2021_KOA_8_Texas_Math",2020-10-30,87,"B+","2020-08-24 - 2020-10-30"
400180,50152854,"Flores","Jaylyn","Chris Friedline","2021_KOA_8_Texas_Math",2020-10-30,79,"C+","2020-08-24 - 2020-10-30"
400180,50155153,"Jalloh","Alhaji","Chris Friedline","2021_KOA_8_Texas_Math",2020-10-30,72,"C-","2020-08-24 - 2020-10-30"
400180,50157888,"Alvarez","Alexander","Chris Friedline","2021_KOA_8_Texas_Math",2020-10-30,91,"A-","2020-08-24 - 2020-10-30"
400180,50164604,"Robinson","Jabria","Chris Friedline","2021_KOA_8_Texas_Math",2020-10-30,76,"C","2020-08-24 - 2020-10-30"
400180,50197187,"Ramos","Jesus","Chris Friedline","2021_KOA_8_Texas_Math",2020-10-30,70,"C-","2020-08-24 - 2020-10-30"
400180,50216042,"Garfias","Suzette","Chris Friedline","2021_KOA_8_Texas_Math",2020-10-30,94,"A","2020-08-24 - 2020-10-30"
400180,50223330,"McGehee","Zaria","Chris Friedline","2021_KOA_8_Texas_Math",2020-10-30,84,"B","2020-08-24 - 2020-10-30"
400180,50243710,"Truell","Deonte","Chris Friedline","2021_KOA_8_Texas_Math",2020-10-30,88,"B+","2020-08-24 - 2020-10-30"
400180,50290321,"Williams","Erianna","Chris Friedline","2021_KOA_8_Texas_Math",2020-10-30,70,"C-","2020-08-24 - 2020-10-30"
400180,50291318,"Anderson","Mykell","Chris Friedline","2021_KOA_8_Texas_Math",2020-10-30,70,"C-","2020-08-24 - 2020-10-30"
400180,50291581,"Scott","Melena","Chris Friedline","2021_KOA_8_Texas_Math",2020-10-30,88,"B+","2020-08-24 - 2020-10-30"
400180,50149754,"Tirado","Lizbeth","Chris Friedline","2021_KOA_8_Texas_Math",2020-10-30,100,"A+","2020-08-24 - 2020-10-30"
400180,50290059,"Smith","Teyarie","Chris Friedline","2021_KOA_8_Texas_Math",2020-10-30,79,"C+","2020-08-24 - 2020-10-30"
400180,50368861,"Ramirez Gonzalez","Magalys","Chris Friedline","2021_KOA_8_Texas_Math",2020-10-30,70,"C-","2020-08-24 - 2020-10-30"
400180,50533123,"Lagos","Carlos","Chris Friedline","2021_KOA_8_Texas_Math",2020-10-30,70,"C-","2020-08-24 - 2020-10-30"
400180,50232136,"Rucker","Kenneth","Chris Friedline","2021_KOA_8_Texas_Math",2020-10-30,87,"B+","2020-08-24 - 2020-10-30"
400180,50149853,"Ramirez","Amir","Chris Friedline","2021_KOA_8_Texas_Math",2020-10-30,76,"C","2020-08-24 - 2020-10-30"
400180,50152763,"Goodall","Jahiem","Chris Friedline","2021_KOA_8_Texas_Math",2020-10-30,70,"C-","2020-08-24 - 2020-10-30"
400180,50190100,"Garcia","Suleima","Chris Friedline","2021_KOA_8_Texas_Math",2020-10-30,100,"A+","2020-08-24 - 2020-10-30"
400180,50217726,"Barrios","Emily","Chris Friedline","2021_KOA_8_Texas_Math",2020-10-30,99,"A+","2020-08-24 - 2020-10-30"
400180,50339186,"McFerren","Tyra","Chris Friedline","2021_KOA_8_Texas_Math",2020-10-30,98,"A+","2020-08-24 - 2020-10-30"
400180,50245239,"Spriggs","Jakeya","Chris Friedline","2021_KOA_8_Texas_Math",2020-10-30,90,"A-","2020-08-24 - 2020-10-30"
400180,60073908,"Marin-Hernandez","Emili-Paola","Chris Friedline","2021_KOA_8_Texas_Math",2020-10-30,70,"C-","2020-08-24 - 2020-10-30"
400180,50239152,"Buckner","Icysis","Chris Friedline","2021_KOA_8_Texas_Math",2020-10-30,92,"A-","2020-08-24 - 2020-10-30"
400180,50295115,"Vargas-Salto","Giovanni","Chris Friedline","2021_KOA_8_Texas_Math",2020-10-30,79,"C+","2020-08-24 - 2020-10-30"
400180,50148950,"Samaniego","Brian",NA,"2021_KAC_7_Science",2020-10-30,70,"C-","2020-08-24 - 2020-10-30"
400180,50148950,"Samaniego","Brian",NA,"2021_KAC_5_Math",2020-10-30,70,"C-","2020-08-24 - 2020-10-30"
400180,50148950,"Samaniego","Brian",NA,"2021_KAC_6_SS",2020-10-30,70,"C-","2020-08-24 - 2020-10-30"
400180,50148950,"Samaniego","Brian",NA,"2021_KAC_8_ELA",2020-10-30,70,"C-","2020-08-24 - 2020-10-30"
400180,50148950,"Samaniego","Brian",NA,"2021_KAC_6_ELA",2020-10-30,70,"C-","2020-08-24 - 2020-10-30"
400180,50148950,"Samaniego","Brian",NA,"2021_KAC_7_ELA",2020-10-30,70,"C-","2020-08-24 - 2020-10-30"
400180,50148950,"Samaniego","Brian",NA,"2021_KAC_6_Science",2020-10-30,70,"C-","2020-08-24 - 2020-10-30"
400180,50148950,"Samaniego","Brian",NA,"2021_KAC_5_Science",2020-10-30,70,"C-","2020-08-24 - 2020-10-30"
400180,50148950,"Samaniego","Brian",NA,"2021_KAC_5_Reading",2020-10-30,70,"C-","2020-08-24 - 2020-10-30"
400180,50148950,"Samaniego","Brian",NA,"2021_KAC_7_Social Studies",2020-10-30,70,"C-","2020-08-24 - 2020-10-30"
400180,50148950,"Samaniego","Brian",NA,"2021_KAC_8_Science",2020-10-30,70,"C-","2020-08-24 - 2020-10-30"
400180,50148950,"Samaniego","Brian",NA,"2021_KAC_8_Math",2020-10-30,70,"C-","2020-08-24 - 2020-10-30"
400180,50148950,"Samaniego","Brian",NA,"2021_KAMS_5_ELA",2020-10-30,70,"C-","2020-08-24 - 2020-10-30"
400180,50148950,"Samaniego","Brian",NA,"2021_KAMS_5_MATH",2020-10-30,70,"C-","2020-08-24 - 2020-10-30"
400180,50148950,"Samaniego","Brian",NA,"20-21_KAMS_5_Centers",2020-10-30,70,"C-","2020-08-24 - 2020-10-30"
400180,50148950,"Samaniego","Brian",NA,"2021_KAMS_5_Science",2020-10-30,70,"C-","2020-08-24 - 2020-10-30"
400180,50148950,"Samaniego","Brian",NA,"2021_KAMS_6th_Math",2020-10-30,70,"C-","2020-08-24 - 2020-10-30"
400180,50148950,"Samaniego","Brian",NA,"2021_KAMS_6_ELA",2020-10-30,70,"C-","2020-08-24 - 2020-10-30"
400180,50148950,"Samaniego","Brian",NA,"2021_KAMS_6_Literacy Centers",2020-10-30,70,"C-","2020-08-24 - 2020-10-30"
400180,50148950,"Samaniego","Brian",NA,"2021_KAMS_6th_Science",2020-10-30,70,"C-","2020-08-24 - 2020-10-30"
400180,50148950,"Samaniego","Brian",NA,"2021_KAMS_7_Math",2020-10-30,70,"C-","2020-08-24 - 2020-10-30"
400180,50148950,"Samaniego","Brian",NA,"2021_KAMS_7_ELA",2020-10-30,70,"C-","2020-08-24 - 2020-10-30"
400180,50148950,"Samaniego","Brian",NA,"2021_KAMS_7_SOCIAL STUDIES",2020-10-30,70,"C-","2020-08-24 - 2020-10-30"
400180,50148950,"Samaniego","Brian",NA,"2021_KAMS_7_Science",2020-10-30,70,"C-","2020-08-24 - 2020-10-30"
400180,50148950,"Samaniego","Brian",NA,"2021_KAMS_8_SS",2020-10-30,70,"C-","2020-08-24 - 2020-10-30"
400180,50148950,"Samaniego","Brian",NA,"2021_KAMS_8_ELA",2020-10-30,70,"C-","2020-08-24 - 2020-10-30"
400180,50148950,"Samaniego","Brian",NA,"2021_KAMS_8_Math",2020-10-30,70,"C-","2020-08-24 - 2020-10-30"
400180,50148950,"Samaniego","Brian",NA,"2021_KAMS_8_Science",2020-10-30,70,"C-","2020-08-24 - 2020-10-30"
400180,50148950,"Samaniego","Brian",NA,"2021_KBCP_5_Science",2020-10-30,70,"C-","2020-08-24 - 2020-10-30"
400180,50148950,"Samaniego","Brian",NA,"2021_KOA_5th_ELA",2020-10-30,70,"C-","2020-08-24 - 2020-10-30"
400180,50148950,"Samaniego","Brian",NA,"2021_KOA_5_Math",2020-10-30,70,"C-","2020-08-24 - 2020-10-30"
400180,50148950,"Samaniego","Brian",NA,"2021_KOA_5_Science",2020-10-30,70,"C-","2020-08-24 - 2020-10-30"
400180,50148950,"Samaniego","Brian",NA,"2021_KOA_6_ELA",2020-10-30,70,"C-","2020-08-24 - 2020-10-30"
400180,50148950,"Samaniego","Brian",NA,"2021_KOA_6_Social Studies",2020-10-30,70,"C-","2020-08-24 - 2020-10-30"
400180,50148950,"Samaniego","Brian",NA,"2021_KOA_6_Science",2020-10-30,70,"C-","2020-08-24 - 2020-10-30"
400180,50148950,"Samaniego","Brian",NA,"2021_KOA_6_Math",2020-10-30,70,"C-","2020-08-24 - 2020-10-30"
400180,50148950,"Samaniego","Brian",NA,"2021_KOA_7_ELA",2020-10-30,70,"C-","2020-08-24 - 2020-10-30"
400180,50148950,"Samaniego","Brian",NA,"2021_KOA_7_SS",2020-10-30,70,"C-","2020-08-24 - 2020-10-30"
400180,50148950,"Samaniego","Brian",NA,"2021_KOA_8_Science",2020-10-30,70,"C-","2020-08-24 - 2020-10-30"
400180,50148950,"Samaniego","Brian",NA,"2021_KOA_8_ELA",2020-10-30,70,"C-","2020-08-24 - 2020-10-30"
400180,50289935,"Green","Tierra",NA,"2021_KAC_7_Science",2020-10-30,70,"C-","2020-08-24 - 2020-10-30"
400180,50289935,"Green","Tierra",NA,"2021_KAC_5_Math",2020-10-30,70,"C-","2020-08-24 - 2020-10-30"
400180,50289935,"Green","Tierra",NA,"2021_KAC_6_SS",2020-10-30,70,"C-","2020-08-24 - 2020-10-30"
400180,50289935,"Green","Tierra",NA,"2021_KAC_8_ELA",2020-10-30,70,"C-","2020-08-24 - 2020-10-30"
400180,50289935,"Green","Tierra",NA,"2021_KAC_6_ELA",2020-10-30,70,"C-","2020-08-24 - 2020-10-30"
400180,50289935,"Green","Tierra",NA,"2021_KAC_7_ELA",2020-10-30,70,"C-","2020-08-24 - 2020-10-30"
400180,50289935,"Green","Tierra",NA,"2021_KAC_6_Science",2020-10-30,70,"C-","2020-08-24 - 2020-10-30"
400180,50289935,"Green","Tierra",NA,"2021_KAC_5_Science",2020-10-30,70,"C-","2020-08-24 - 2020-10-30"
400180,50289935,"Green","Tierra",NA,"2021_KAC_5_Reading",2020-10-30,70,"C-","2020-08-24 - 2020-10-30"
400180,50289935,"Green","Tierra",NA,"2021_KAC_7_Social Studies",2020-10-30,70,"C-","2020-08-24 - 2020-10-30"
400180,50289935,"Green","Tierra",NA,"2021_KAC_8_Science",2020-10-30,70,"C-","2020-08-24 - 2020-10-30"
400180,50289935,"Green","Tierra",NA,"2021_KAC_8_Math",2020-10-30,70,"C-","2020-08-24 - 2020-10-30"
400180,50289935,"Green","Tierra",NA,"2021_KAMS_5_ELA",2020-10-30,70,"C-","2020-08-24 - 2020-10-30"
400180,50289935,"Green","Tierra",NA,"2021_KAMS_5_MATH",2020-10-30,70,"C-","2020-08-24 - 2020-10-30"
400180,50289935,"Green","Tierra",NA,"20-21_KAMS_5_Centers",2020-10-30,70,"C-","2020-08-24 - 2020-10-30"
400180,50289935,"Green","Tierra",NA,"2021_KAMS_5_Science",2020-10-30,70,"C-","2020-08-24 - 2020-10-30"
400180,50289935,"Green","Tierra",NA,"2021_KAMS_6th_Math",2020-10-30,70,"C-","2020-08-24 - 2020-10-30"
400180,50289935,"Green","Tierra",NA,"2021_KAMS_6_ELA",2020-10-30,70,"C-","2020-08-24 - 2020-10-30"
400180,50289935,"Green","Tierra",NA,"2021_KAMS_6_Literacy Centers",2020-10-30,70,"C-","2020-08-24 - 2020-10-30"
400180,50289935,"Green","Tierra",NA,"2021_KAMS_6th_Science",2020-10-30,70,"C-","2020-08-24 - 2020-10-30"
400180,50289935,"Green","Tierra",NA,"2021_KAMS_7_Math",2020-10-30,70,"C-","2020-08-24 - 2020-10-30"
400180,50289935,"Green","Tierra",NA,"2021_KAMS_7_ELA",2020-10-30,70,"C-","2020-08-24 - 2020-10-30"
400180,50289935,"Green","Tierra",NA,"2021_KAMS_7_SOCIAL STUDIES",2020-10-30,70,"C-","2020-08-24 - 2020-10-30"
400180,50289935,"Green","Tierra",NA,"2021_KAMS_7_Science",2020-10-30,70,"C-","2020-08-24 - 2020-10-30"
400180,50289935,"Green","Tierra",NA,"2021_KAMS_8_SS",2020-10-30,70,"C-","2020-08-24 - 2020-10-30"
400180,50289935,"Green","Tierra",NA,"2021_KAMS_8_ELA",2020-10-30,70,"C-","2020-08-24 - 2020-10-30"
400180,50289935,"Green","Tierra",NA,"2021_KAMS_8_Math",2020-10-30,70,"C-","2020-08-24 - 2020-10-30"
400180,50289935,"Green","Tierra",NA,"2021_KAMS_8_Science",2020-10-30,70,"C-","2020-08-24 - 2020-10-30"
400180,50289935,"Green","Tierra",NA,"2021_KBCP_5_Science",2020-10-30,70,"C-","2020-08-24 - 2020-10-30"
400180,50289935,"Green","Tierra",NA,"2021_KOA_5th_ELA",2020-10-30,70,"C-","2020-08-24 - 2020-10-30"
400180,50289935,"Green","Tierra",NA,"2021_KOA_5_Math",2020-10-30,70,"C-","2020-08-24 - 2020-10-30"
400180,50289935,"Green","Tierra",NA,"2021_KOA_5_Science",2020-10-30,70,"C-","2020-08-24 - 2020-10-30"
400180,50289935,"Green","Tierra",NA,"2021_KOA_6_ELA",2020-10-30,70,"C-","2020-08-24 - 2020-10-30"
400180,50289935,"Green","Tierra",NA,"2021_KOA_6_Social Studies",2020-10-30,70,"C-","2020-08-24 - 2020-10-30"
400180,50289935,"Green","Tierra",NA,"2021_KOA_6_Science",2020-10-30,70,"C-","2020-08-24 - 2020-10-30"
400180,50289935,"Green","Tierra",NA,"2021_KOA_6_Math",2020-10-30,70,"C-","2020-08-24 - 2020-10-30"
400180,50289935,"Green","Tierra",NA,"2021_KOA_7_ELA",2020-10-30,70,"C-","2020-08-24 - 2020-10-30"
400180,50289935,"Green","Tierra",NA,"2021_KOA_7_SS",2020-10-30,70,"C-","2020-08-24 - 2020-10-30"
400180,50289935,"Green","Tierra",NA,"2021_KOA_8_Science",2020-10-30,70,"C-","2020-08-24 - 2020-10-30"
400180,50289935,"Green","Tierra",NA,"2021_KOA_8_ELA",2020-10-30,70,"C-","2020-08-24 - 2020-10-30"
400180,50296046,"Bibbs Jr.","Keith",NA,"2021_KAC_7_Science",2020-10-30,70,"C-","2020-08-24 - 2020-10-30"
400180,50296046,"Bibbs Jr.","Keith",NA,"2021_KAC_5_Math",2020-10-30,70,"C-","2020-08-24 - 2020-10-30"
400180,50296046,"Bibbs Jr.","Keith",NA,"2021_KAC_6_SS",2020-10-30,70,"C-","2020-08-24 - 2020-10-30"
400180,50296046,"Bibbs Jr.","Keith",NA,"2021_KAC_8_ELA",2020-10-30,70,"C-","2020-08-24 - 2020-10-30"
400180,50296046,"Bibbs Jr.","Keith",NA,"2021_KAC_6_ELA",2020-10-30,70,"C-","2020-08-24 - 2020-10-30"
400180,50296046,"Bibbs Jr.","Keith",NA,"2021_KAC_7_ELA",2020-10-30,70,"C-","2020-08-24 - 2020-10-30"
400180,50296046,"Bibbs Jr.","Keith",NA,"2021_KAC_6_Science",2020-10-30,70,"C-","2020-08-24 - 2020-10-30"
400180,50296046,"Bibbs Jr.","Keith",NA,"2021_KAC_5_Science",2020-10-30,70,"C-","2020-08-24 - 2020-10-30"
400180,50296046,"Bibbs Jr.","Keith",NA,"2021_KAC_5_Reading",2020-10-30,70,"C-","2020-08-24 - 2020-10-30"
400180,50296046,"Bibbs Jr.","Keith",NA,"2021_KAC_7_Social Studies",2020-10-30,70,"C-","2020-08-24 - 2020-10-30"
400180,50296046,"Bibbs Jr.","Keith",NA,"2021_KAC_8_Science",2020-10-30,70,"C-","2020-08-24 - 2020-10-30"
400180,50296046,"Bibbs Jr.","Keith",NA,"2021_KAC_8_Math",2020-10-30,70,"C-","2020-08-24 - 2020-10-30"
400180,50296046,"Bibbs Jr.","Keith",NA,"2021_KAMS_5_ELA",2020-10-30,70,"C-","2020-08-24 - 2020-10-30"
400180,50296046,"Bibbs Jr.","Keith",NA,"2021_KAMS_5_MATH",2020-10-30,70,"C-","2020-08-24 - 2020-10-30"
400180,50296046,"Bibbs Jr.","Keith",NA,"20-21_KAMS_5_Centers",2020-10-30,70,"C-","2020-08-24 - 2020-10-30"
400180,50296046,"Bibbs Jr.","Keith",NA,"2021_KAMS_5_Science",2020-10-30,70,"C-","2020-08-24 - 2020-10-30"
400180,50296046,"Bibbs Jr.","Keith",NA,"2021_KAMS_6th_Math",2020-10-30,70,"C-","2020-08-24 - 2020-10-30"
400180,50296046,"Bibbs Jr.","Keith",NA,"2021_KAMS_6_ELA",2020-10-30,70,"C-","2020-08-24 - 2020-10-30"
400180,50296046,"Bibbs Jr.","Keith",NA,"2021_KAMS_6_Literacy Centers",2020-10-30,70,"C-","2020-08-24 - 2020-10-30"
400180,50296046,"Bibbs Jr.","Keith",NA,"2021_KAMS_6th_Science",2020-10-30,70,"C-","2020-08-24 - 2020-10-30"
400180,50296046,"Bibbs Jr.","Keith",NA,"2021_KAMS_7_Math",2020-10-30,70,"C-","2020-08-24 - 2020-10-30"
400180,50296046,"Bibbs Jr.","Keith",NA,"2021_KAMS_7_ELA",2020-10-30,70,"C-","2020-08-24 - 2020-10-30"
400180,50296046,"Bibbs Jr.","Keith",NA,"2021_KAMS_7_SOCIAL STUDIES",2020-10-30,70,"C-","2020-08-24 - 2020-10-30"
400180,50296046,"Bibbs Jr.","Keith",NA,"2021_KAMS_7_Science",2020-10-30,70,"C-","2020-08-24 - 2020-10-30"
400180,50296046,"Bibbs Jr.","Keith",NA,"2021_KAMS_8_SS",2020-10-30,70,"C-","2020-08-24 - 2020-10-30"
400180,50296046,"Bibbs Jr.","Keith",NA,"2021_KAMS_8_ELA",2020-10-30,70,"C-","2020-08-24 - 2020-10-30"
400180,50296046,"Bibbs Jr.","Keith",NA,"2021_KAMS_8_Math",2020-10-30,70,"C-","2020-08-24 - 2020-10-30"
400180,50296046,"Bibbs Jr.","Keith",NA,"2021_KAMS_8_Science",2020-10-30,70,"C-","2020-08-24 - 2020-10-30"
400180,50296046,"Bibbs Jr.","Keith",NA,"2021_KBCP_5_Science",2020-10-30,70,"C-","2020-08-24 - 2020-10-30"
400180,50296046,"Bibbs Jr.","Keith",NA,"2021_KOA_5th_ELA",2020-10-30,70,"C-","2020-08-24 - 2020-10-30"
400180,50296046,"Bibbs Jr.","Keith",NA,"2021_KOA_5_Math",2020-10-30,70,"C-","2020-08-24 - 2020-10-30"
400180,50296046,"Bibbs Jr.","Keith",NA,"2021_KOA_5_Science",2020-10-30,70,"C-","2020-08-24 - 2020-10-30"
400180,50296046,"Bibbs Jr.","Keith",NA,"2021_KOA_6_ELA",2020-10-30,70,"C-","2020-08-24 - 2020-10-30"
400180,50296046,"Bibbs Jr.","Keith",NA,"2021_KOA_6_Social Studies",2020-10-30,70,"C-","2020-08-24 - 2020-10-30"
400180,50296046,"Bibbs Jr.","Keith",NA,"2021_KOA_6_Science",2020-10-30,70,"C-","2020-08-24 - 2020-10-30"
400180,50296046,"Bibbs Jr.","Keith",NA,"2021_KOA_6_Math",2020-10-30,70,"C-","2020-08-24 - 2020-10-30"
400180,50296046,"Bibbs Jr.","Keith",NA,"2021_KOA_7_ELA",2020-10-30,70,"C-","2020-08-24 - 2020-10-30"
400180,50296046,"Bibbs Jr.","Keith",NA,"2021_KOA_7_SS",2020-10-30,70,"C-","2020-08-24 - 2020-10-30"
400180,50296046,"Bibbs Jr.","Keith",NA,"2021_KOA_8_Science",2020-10-30,70,"C-","2020-08-24 - 2020-10-30"
400180,50296046,"Bibbs Jr.","Keith",NA,"2021_KOA_8_ELA",2020-10-30,70,"C-","2020-08-24 - 2020-10-30"
400180,50149762,"Jones","Temirah","Emma Hutson","2021_KOA_8_DL_Math",2020-10-30,95,"A","2020-08-24 - 2020-10-30"
400180,50218130,"Carranco","Kimberly","Emma Hutson","2021_KOA_8_DL_Math",2020-10-30,84,"B","2020-08-24 - 2020-10-30"
400180,50220199,"Davis","Jenaya","Emma Hutson","2021_KOA_8_DL_Math",2020-10-30,81,"B-","2020-08-24 - 2020-10-30"
400180,50366693,"Campos","Yurany","Emma Hutson","2021_KOA_8_DL_Math",2020-10-30,93,"A-","2020-08-24 - 2020-10-30"
400180,50201553,"Steele","Jourdaine","Veronica Motley","2021_KOA_8_UofT_SS",2020-10-30,76,"C","2020-08-24 - 2020-10-30"
400180,50296078,"Bibbs","Kaiden","Veronica Motley","2021_KOA_8_Howard_SS",2020-10-30,71,"C-","2020-08-24 - 2020-10-30"
400180,50137816,"Allen","Aniyah","Veronica Motley","2021_KOA_8_Howard_SS",2020-10-30,90,"A-","2020-08-24 - 2020-10-30"
400180,50148811,"Davis","Renya","Veronica Motley","2021_KOA_8_Howard_SS",2020-10-30,93,"A-","2020-08-24 - 2020-10-30"
400180,50149799,"Tomas Mauricio","Jovani","Veronica Motley","2021_KOA_8_Howard_SS",2020-10-30,91,"A-","2020-08-24 - 2020-10-30"
400180,50154387,"Isleno","Leomar","Veronica Motley","2021_KOA_8_Howard_SS",2020-10-30,100,"A+","2020-08-24 - 2020-10-30"
400180,50167032,"Baldwin","Gregory","Veronica Motley","2021_KOA_8_Howard_SS",2020-10-30,99,"A+","2020-08-24 - 2020-10-30"
400180,50187561,"Roe","Cayla","Veronica Motley","2021_KOA_8_Howard_SS",2020-10-30,88,"B+","2020-08-24 - 2020-10-30"
400180,50190119,"Juarez","Juan","Veronica Motley","2021_KOA_8_Howard_SS",2020-10-30,76,"C","2020-08-24 - 2020-10-30"
400180,50191537,"Lagunas","Gael","Veronica Motley","2021_KOA_8_Howard_SS",2020-10-30,73,"C","2020-08-24 - 2020-10-30"
400180,50192186,"McCullough","Chyla","Veronica Motley","2021_KOA_8_Howard_SS",2020-10-30,98,"A+","2020-08-24 - 2020-10-30"
400180,50194338,"Sykes","Saniya","Veronica Motley","2021_KOA_8_Howard_SS",2020-10-30,100,"A+","2020-08-24 - 2020-10-30"
400180,50195670,"Allen","Makari","Veronica Motley","2021_KOA_8_Howard_SS",2020-10-30,90,"A-","2020-08-24 - 2020-10-30"
400180,50211748,"Arroyo","Melissa","Veronica Motley","2021_KOA_8_Howard_SS",2020-10-30,96,"A","2020-08-24 - 2020-10-30"
400180,50214576,"Guijosa","Kimberly","Veronica Motley","2021_KOA_8_Howard_SS",2020-10-30,89,"B+","2020-08-24 - 2020-10-30"
400180,50218877,"Gutierrez","Freddy","Veronica Motley","2021_KOA_8_Howard_SS",2020-10-30,70,"C-","2020-08-24 - 2020-10-30"
400180,50223915,"Arenas","Ulises","Veronica Motley","2021_KOA_8_Howard_SS",2020-10-30,100,"A+","2020-08-24 - 2020-10-30"
400180,50241588,"Williams","Shavonni","Veronica Motley","2021_KOA_8_Howard_SS",2020-10-30,92,"A-","2020-08-24 - 2020-10-30"
400180,50256547,"Jung","Elijah","Veronica Motley","2021_KOA_8_Howard_SS",2020-10-30,96,"A","2020-08-24 - 2020-10-30"
400180,50286929,"Hernandez","Beyonce","Veronica Motley","2021_KOA_8_Howard_SS",2020-10-30,100,"A+","2020-08-24 - 2020-10-30"
400180,50290232,"Brown","Paisley","Veronica Motley","2021_KOA_8_Howard_SS",2020-10-30,100,"A+","2020-08-24 - 2020-10-30"
400180,50290322,"Lumpkin","Christian","Veronica Motley","2021_KOA_8_Howard_SS",2020-10-30,77,"C+","2020-08-24 - 2020-10-30"
400180,50291761,"Gillespie","Bryan","Veronica Motley","2021_KOA_8_Howard_SS",2020-10-30,74,"C","2020-08-24 - 2020-10-30"
400180,50296574,"Henley","Ceddrivontay","Veronica Motley","2021_KOA_8_Howard_SS",2020-10-30,73,"C","2020-08-24 - 2020-10-30"
400180,50296610,"Henley","Ceddriontay","Veronica Motley","2021_KOA_8_Howard_SS",2020-10-30,87,"B+","2020-08-24 - 2020-10-30"
400180,50353661,"Anfield","Levaris","Veronica Motley","2021_KOA_8_Howard_SS",2020-10-30,70,"C-","2020-08-24 - 2020-10-30"
400180,50315182,"Henderson","Devin","Veronica Motley","2021_KOA_8_UofT_SS",2020-10-30,90,"A-","2020-08-24 - 2020-10-30"
400180,50183617,"Ortiz","Stheffany","Veronica Motley","2021_KOA_8_Howard_SS",2020-10-30,98,"A+","2020-08-24 - 2020-10-30"
400180,50187033,"Jenkins","Myjai","Veronica Motley","2021_KOA_8_Howard_SS",2020-10-30,94,"A","2020-08-24 - 2020-10-30"
400180,50174310,"Anderson","Rihanna","Veronica Motley","2021_KOA_8_Howard_SS",2020-10-30,96,"A","2020-08-24 - 2020-10-30"
400180,50152887,"Lazaro","Nathaniel","Veronica Motley","2021_KOA_8_Howard_SS",2020-10-30,88,"B+","2020-08-24 - 2020-10-30"
400180,50235759,"Clark","Kaniah","Veronica Motley","2021_KOA_8_Howard_SS",2020-10-30,76,"C","2020-08-24 - 2020-10-30"
400180,50253996,"Fernandez","Jessica","Veronica Motley","2021_KOA_8_Howard_SS",2020-10-30,100,"A+","2020-08-24 - 2020-10-30"
400180,60032007,"Zhunio","Alexander","Veronica Motley","2021_KOA_8_Howard_SS",2020-10-30,100,"A+","2020-08-24 - 2020-10-30"
400180,45550516,"Gray","Jada","Veronica Motley","2021_KOA_8_UofT_SS",2020-10-30,94,"A","2020-08-24 - 2020-10-30"
400180,50093868,"Moore","Kaniyah","Veronica Motley","2021_KOA_8_UofT_SS",2020-10-30,62,"D-","2020-08-24 - 2020-10-30"
400180,50114214,"Plunkett","Everion","Veronica Motley","2021_KOA_8_UofT_SS",2020-10-30,60,"D-","2020-08-24 - 2020-10-30"
400180,50084055,"Dickens","Jeniyah","Veronica Motley","2021_KOA_8_UofT_SS",2020-10-30,80,"B-","2020-08-24 - 2020-10-30"
400180,50098512,"Arias","Cristian","Veronica Motley","2021_KOA_8_UofT_SS",2020-10-30,87,"B+","2020-08-24 - 2020-10-30"
400180,50132017,"Navarrete","Livia","Veronica Motley","2021_KOA_8_UofT_SS",2020-10-30,95,"A","2020-08-24 - 2020-10-30"
400180,50152854,"Flores","Jaylyn","Veronica Motley","2021_KOA_8_UofT_SS",2020-10-30,78,"C+","2020-08-24 - 2020-10-30"
400180,50155153,"Jalloh","Alhaji","Veronica Motley","2021_KOA_8_UofT_SS",2020-10-30,88,"B+","2020-08-24 - 2020-10-30"
400180,50157888,"Alvarez","Alexander","Veronica Motley","2021_KOA_8_UofT_SS",2020-10-30,97,"A","2020-08-24 - 2020-10-30"
400180,50164604,"Robinson","Jabria","Veronica Motley","2021_KOA_8_UofT_SS",2020-10-30,86,"B","2020-08-24 - 2020-10-30"
400180,50197187,"Ramos","Jesus","Veronica Motley","2021_KOA_8_UofT_SS",2020-10-30,76,"C","2020-08-24 - 2020-10-30"
400180,50216042,"Garfias","Suzette","Veronica Motley","2021_KOA_8_UofT_SS",2020-10-30,95,"A","2020-08-24 - 2020-10-30"
400180,50223330,"McGehee","Zaria","Veronica Motley","2021_KOA_8_UofT_SS",2020-10-30,81,"B-","2020-08-24 - 2020-10-30"
400180,50243710,"Truell","Deonte","Veronica Motley","2021_KOA_8_UofT_SS",2020-10-30,71,"C-","2020-08-24 - 2020-10-30"
400180,50290321,"Williams","Erianna","Veronica Motley","2021_KOA_8_UofT_SS",2020-10-30,63,"D","2020-08-24 - 2020-10-30"
400180,50291318,"Anderson","Mykell","Veronica Motley","2021_KOA_8_UofT_SS",2020-10-30,70,"C-","2020-08-24 - 2020-10-30"
400180,50291581,"Scott","Melena","Veronica Motley","2021_KOA_8_UofT_SS",2020-10-30,95,"A","2020-08-24 - 2020-10-30"
400180,50149754,"Tirado","Lizbeth","Veronica Motley","2021_KOA_8_UofT_SS",2020-10-30,100,"A+","2020-08-24 - 2020-10-30"
400180,50290059,"Smith","Teyarie","Veronica Motley","2021_KOA_8_UofT_SS",2020-10-30,86,"B","2020-08-24 - 2020-10-30"
400180,50368861,"Ramirez Gonzalez","Magalys","Veronica Motley","2021_KOA_8_UofT_SS",2020-10-30,70,"C-","2020-08-24 - 2020-10-30"
400180,50533123,"Lagos","Carlos","Veronica Motley","2021_KOA_8_UofT_SS",2020-10-30,71,"C-","2020-08-24 - 2020-10-30"
400180,50232136,"Rucker","Kenneth","Veronica Motley","2021_KOA_8_UofT_SS",2020-10-30,97,"A","2020-08-24 - 2020-10-30"
400180,50149853,"Ramirez","Amir","Veronica Motley","2021_KOA_8_UofT_SS",2020-10-30,92,"A-","2020-08-24 - 2020-10-30"
400180,50152763,"Goodall","Jahiem","Veronica Motley","2021_KOA_8_UofT_SS",2020-10-30,76,"C","2020-08-24 - 2020-10-30"
400180,50190100,"Garcia","Suleima","Veronica Motley","2021_KOA_8_UofT_SS",2020-10-30,100,"A+","2020-08-24 - 2020-10-30"
400180,50217726,"Barrios","Emily","Veronica Motley","2021_KOA_8_UofT_SS",2020-10-30,99,"A+","2020-08-24 - 2020-10-30"
400180,50339186,"McFerren","Tyra","Veronica Motley","2021_KOA_8_UofT_SS",2020-10-30,95,"A","2020-08-24 - 2020-10-30"
400180,50245239,"Spriggs","Jakeya","Veronica Motley","2021_KOA_8_UofT_SS",2020-10-30,98,"A+","2020-08-24 - 2020-10-30"
400180,60073908,"Marin-Hernandez","Emili-Paola","Veronica Motley","2021_KOA_8_UofT_SS",2020-10-30,82,"B-","2020-08-24 - 2020-10-30"
400180,50239152,"Buckner","Icysis","Veronica Motley","2021_KOA_8_UofT_SS",2020-10-30,86,"B","2020-08-24 - 2020-10-30"
400180,50295115,"Vargas-Salto","Giovanni","Veronica Motley","2021_KOA_8_UofT_SS",2020-10-30,78,"C+","2020-08-24 - 2020-10-30"
400180,45611671,"Martin","Alfonzia","Veronica Motley","2021_KOA_8_Georgetown_SS",2020-10-30,100,"A+","2020-08-24 - 2020-10-30"
400180,50192448,"Davis","Laniya","Veronica Motley","2021_KOA_8_Georgetown_SS",2020-10-30,64,"D","2020-08-24 - 2020-10-30"
400180,50347507,"Madkins","Dillon","Veronica Motley","2021_KOA_8_Georgetown_SS",2020-10-30,100,"A+","2020-08-24 - 2020-10-30"
400180,45481174,"Johnson","Derrick","Veronica Motley","2021_KOA_8_Georgetown_SS",2020-10-30,92,"A-","2020-08-24 - 2020-10-30"
400180,50113884,"Lais","Perla","Veronica Motley","2021_KOA_8_Georgetown_SS",2020-10-30,100,"A+","2020-08-24 - 2020-10-30"
400180,50127180,"Hughes","Kylyn","Veronica Motley","2021_KOA_8_Georgetown_SS",2020-10-30,87,"B+","2020-08-24 - 2020-10-30"
400180,50127243,"Hughes","Gavyn","Veronica Motley","2021_KOA_8_Georgetown_SS",2020-10-30,90,"A-","2020-08-24 - 2020-10-30"
400180,50140305,"Zhunio","Kevin","Veronica Motley","2021_KOA_8_Georgetown_SS",2020-10-30,100,"A+","2020-08-24 - 2020-10-30"
400180,50148950,"Samaniego","Brian","Veronica Motley","2021_KOA_8_Georgetown_SS",2020-10-30,88,"B+","2020-08-24 - 2020-10-30"
400180,50158125,"Cortez","Jerry","Veronica Motley","2021_KOA_8_Georgetown_SS",2020-10-30,78,"C+","2020-08-24 - 2020-10-30"
400180,50158255,"Manzanilla","Kevin","Veronica Motley","2021_KOA_8_Georgetown_SS",2020-10-30,97,"A","2020-08-24 - 2020-10-30"
400180,50160639,"Urgilez","Jocelyn","Veronica Motley","2021_KOA_8_Georgetown_SS",2020-10-30,100,"A+","2020-08-24 - 2020-10-30"
400180,50161533,"Coronel","Perla","Veronica Motley","2021_KOA_8_Georgetown_SS",2020-10-30,100,"A+","2020-08-24 - 2020-10-30"
400180,50168985,"Marca","Judith","Veronica Motley","2021_KOA_8_Georgetown_SS",2020-10-30,99,"A+","2020-08-24 - 2020-10-30"
400180,50170794,"Jernigan","Zarria","Veronica Motley","2021_KOA_8_Georgetown_SS",2020-10-30,96,"A","2020-08-24 - 2020-10-30"
400180,50177373,"Scarbrough","Zion","Veronica Motley","2021_KOA_8_Georgetown_SS",2020-10-30,94,"A","2020-08-24 - 2020-10-30"
400180,50220676,"Wilson","Michael","Veronica Motley","2021_KOA_8_Georgetown_SS",2020-10-30,97,"A","2020-08-24 - 2020-10-30"
400180,50283319,"Salgado","Selena","Veronica Motley","2021_KOA_8_Georgetown_SS",2020-10-30,99,"A+","2020-08-24 - 2020-10-30"
400180,50289130,"Phillips","Dashyra","Veronica Motley","2021_KOA_8_Georgetown_SS",2020-10-30,100,"A+","2020-08-24 - 2020-10-30"
400180,50289935,"Green","Tierra","Veronica Motley","2021_KOA_8_Georgetown_SS",2020-10-30,80,"B-","2020-08-24 - 2020-10-30"
400180,50296046,"Bibbs Jr.","Keith","Veronica Motley","2021_KOA_8_Georgetown_SS",2020-10-30,61,"D-","2020-08-24 - 2020-10-30"
400180,50336517,"Pena","Jared","Veronica Motley","2021_KOA_8_Georgetown_SS",2020-10-30,95,"A","2020-08-24 - 2020-10-30"
400180,50398660,"Davis","Ashiya","Veronica Motley","2021_KOA_8_Georgetown_SS",2020-10-30,94,"A","2020-08-24 - 2020-10-30"
400180,50410492,"Turner","Jilani","Veronica Motley","2021_KOA_8_Georgetown_SS",2020-10-30,94,"A","2020-08-24 - 2020-10-30"
400180,50475007,"Talley","Shamaria","Veronica Motley","2021_KOA_8_Georgetown_SS",2020-10-30,91,"A-","2020-08-24 - 2020-10-30"
400180,50475551,"Talley","Omaria","Veronica Motley","2021_KOA_8_Georgetown_SS",2020-10-30,93,"A-","2020-08-24 - 2020-10-30"
400180,50140016,"Ramirez","Giselle","Veronica Motley","2021_KOA_8_Georgetown_SS",2020-10-30,90,"A-","2020-08-24 - 2020-10-30"
400180,50292803,"Ward","Haley","Veronica Motley","2021_KOA_8_Georgetown_SS",2020-10-30,95,"A","2020-08-24 - 2020-10-30"
400180,50157401,"Salcido","Leticia","Veronica Motley","2021_KOA_8_Georgetown_SS",2020-10-30,100,"A+","2020-08-24 - 2020-10-30"
400180,50208190,"Mack","Zamiyah","Veronica Motley","2021_KOA_8_Georgetown_SS",2020-10-30,92,"A-","2020-08-24 - 2020-10-30"
400180,50094498,"Flores","Jazmin","Veronica Motley","2021_KOA_8_Georgetown_SS",2020-10-30,89,"B+","2020-08-24 - 2020-10-30"
400180,50208003,"Rivera","Sonia","Veronica Motley","2021_KOA_8_Georgetown_SS",2020-10-30,100,"A+","2020-08-24 - 2020-10-30"
400180,50189740,"Washington","Marriah","Veronica Motley","2021_KOA_8_Georgetown_SS",2020-10-30,80,"B-","2020-08-24 - 2020-10-30"
400180,50111392,"Lewis","Kannon","Veronica Motley","2021_KOA_8_Georgetown_SS",2020-10-30,85,"B","2020-08-24 - 2020-10-30"
400180,50749516,"Lopez Barbosa","Isabella","Veronica Motley","2021_KOA_8_Georgetown_SS",2020-10-30,100,"A+","2020-08-24 - 2020-10-30"
400180,50149762,"Jones","Temirah","Veronica Motley","2021_KOA_8_UofT_SS",2020-10-30,83,"B","2020-08-24 - 2020-10-30"
400180,50218130,"Carranco","Kimberly","Veronica Motley","2021_KOA_8_UofT_SS",2020-10-30,80,"B-","2020-08-24 - 2020-10-30"
400180,50220199,"Davis","Jenaya","Veronica Motley","2021_KOA_8_UofT_SS",2020-10-30,73,"C","2020-08-24 - 2020-10-30"
400180,50366693,"Campos","Yurany","Veronica Motley","2021_KOA_8_UofT_SS",2020-10-30,97,"A","2020-08-24 - 2020-10-30"
