"site_id","Student ID","last_name","first_name","teacher_full_name","GradeBook","score_last_updated","Percentage","Mark","grading_period"
7810,50366989,"Patrick","Jayneisha","Rachel Wajvoda","2021_KAMS_DL_5_ELA",2020-10-30,75,"B","2020-08-24 - 2020-10-30"
7810,50369968,"Mitchell Jr","Anthony","Rachel Wajvoda","2021_KAMS_DL_5_ELA",2020-10-30,77,"B","2020-08-24 - 2020-10-30"
7810,60052436,"Buchanan","Deanna","Rachel Wajvoda","2021_KAMS_DL_5_ELA",2020-10-30,76,"B","2020-08-24 - 2020-10-30"
7810,50384789,"Johnson","Deasia","Rachel Wajvoda","2021_KAMS_DL_5_ELA",2020-10-30,95,"A","2020-08-24 - 2020-10-30"
7810,50472662,"Morens","Aamari","Rachel Wajvoda","2021_KAMS_DL_5_ELA",2020-10-30,77,"B","2020-08-24 - 2020-10-30"
7810,50306890,"Hannah","Kamron","Rachel Wajvoda","2021_KAMS_DL_5_ELA",2020-10-30,85,"B","2020-08-24 - 2020-10-30"
7810,50404546,"Bates","Anton","Rachel Wajvoda","2021_KAMS_DL_5_ELA",2020-10-30,83,"B","2020-08-24 - 2020-10-30"
7810,50486602,"Lewis","Kamoriah","Rachel Wajvoda","2021_KAMS_DL_5_ELA",2020-10-30,84,"B","2020-08-24 - 2020-10-30"
7810,60052436,"Buchanan","Deanna","Rachel Wajvoda","2021_KAMS_DL_5_Math",2020-10-30,90,"A-","2020-08-24 - 2020-10-30"
7810,50366567,"Franklin","Jorden","Rachel Wajvoda","2021_KAMS_DL_5_Math",2020-10-30,92,"A-","2020-08-24 - 2020-10-30"
7810,50352158,"Parks","Gezharryia","Rachel Wajvoda","2021_KAMS_DL_5_Math",2020-10-30,87,"A","2020-08-24 - 2020-10-30"
7810,50472662,"Morens","Aamari","Rachel Wajvoda","2021_KAMS_DL_5_Math",2020-10-30,83,"B","2020-08-24 - 2020-10-30"
7810,50216377,"Blakeney","Terianna","Mallory LaPeruto","2021_KAMS_7_DL_ELA",2020-10-30,83,"B","2020-08-24 - 2020-10-30"
7810,50222840,"Nelson","Elijah","Mallory LaPeruto","2021_KAMS_7_DL_ELA",2020-10-30,85,"B","2020-08-24 - 2020-10-30"
7810,50299462,"Fletcher","Marques","Mallory LaPeruto","2021_KAMS_7_DL_ELA",2020-10-30,67,"D+","2020-08-24 - 2020-10-30"
7810,50276007,"Bingham","Daryl","Mallory LaPeruto","2021_KAMS_7_DL_ELA",2020-10-30,82,"B-","2020-08-24 - 2020-10-30"
7810,50320263,"Wilson","Tarmarius","Mallory LaPeruto","2021_KAMS_7_DL_ELA",2020-10-30,83,"B","2020-08-24 - 2020-10-30"
7810,50339951,"Williams","Makaila","Mallory LaPeruto","2021_KAMS_7_DL_ELA",2020-10-30,89,"B+","2020-08-24 - 2020-10-30"
7810,50293462,"Ellis","Jakennen","Mallory LaPeruto","2021_KAMS_7_DL_ELA",2020-10-30,62,"D-","2020-08-24 - 2020-10-30"
7810,50190869,"Collins","Jeremiah","Mallory LaPeruto","2021_KAMS_7_DL_MATH",2020-10-30,68,"D+","2020-08-24 - 2020-10-30"
7810,50244465,"Murff","Martyara","Mallory LaPeruto","2021_KAMS_7_DL_MATH",2020-10-30,88,"B+","2020-08-24 - 2020-10-30"
7810,50222840,"Nelson","Elijah","Mallory LaPeruto","2021_KAMS_7_DL_MATH",2020-10-30,78,"C+","2020-08-24 - 2020-10-30"
7810,50299462,"Fletcher","Marques","Mallory LaPeruto","2021_KAMS_7_DL_MATH",2020-10-30,57,"F","2020-08-24 - 2020-10-30"
7810,50276007,"Bingham","Daryl","Mallory LaPeruto","2021_KAMS_7_DL_MATH",2020-10-30,64,"D","2020-08-24 - 2020-10-30"
7810,50320263,"Wilson","Tarmarius","Mallory LaPeruto","2021_KAMS_7_DL_MATH",2020-10-30,75,"C","2020-08-24 - 2020-10-30"
7810,50339951,"Williams","Makaila","Mallory LaPeruto","2021_KAMS_7_DL_MATH",2020-10-30,81,"B-","2020-08-24 - 2020-10-30"
7810,50307144,"Chatman","Aaliyah","Mallory LaPeruto","2021_KAMS_7_DL_MATH",2020-10-30,73,"C","2020-08-24 - 2020-10-30"
7810,50293462,"Ellis","Jakennen","Mallory LaPeruto","2021_KAMS_7_DL_MATH",2020-10-30,69,"D+","2020-08-24 - 2020-10-30"
7810,50192084,"Murchison","Nariah","Allison Asbury","2021_KAMS_8_DL_ELA",2020-10-30,88,"B+","2020-08-24 - 2020-10-30"
7810,50303608,"Sandifer","Malachi","Allison Asbury","2021_KAMS_8_DL_ELA",2020-10-30,87,"B+","2020-08-24 - 2020-10-30"
7810,50192084,"Murchison","Nariah","Allison Asbury","2021_KAMS_8_DL_Math",2020-10-30,73,"C","2020-08-24 - 2020-10-30"
7810,50303608,"Sandifer","Malachi","Allison Asbury","2021_KAMS_8_DL_Math",2020-10-30,72,"C-","2020-08-24 - 2020-10-30"
7810,50130630,"Smith","Christopher","Allison Asbury","2021_KAMS_8_DL_Math",2020-10-30,98,"A+","2020-08-24 - 2020-10-30"
7810,50150164,"Hill","Na'vell","Allison Asbury","2021_KAMS_8_DL_Math",2020-10-30,73,"C","2020-08-24 - 2020-10-30"
7810,50150466,"Newton","Azzariea","Allison Asbury","2021_KAMS_8_DL_Math",2020-10-30,87,"B+","2020-08-24 - 2020-10-30"
7810,50173245,"Johnson","Breannah","Allison Asbury","2021_KAMS_8_DL_Math",2020-10-30,80,"B-","2020-08-24 - 2020-10-30"
7810,50075471,"Sharkey","Darrell","Allison Asbury","2021_KAMS_8_DL_Math",2020-10-30,88,"B+","2020-08-24 - 2020-10-30"
7810,50253158,"Copeland","Kashia","Allison Asbury","2021_KAMS_8_DL_Math",2020-10-30,89,"B+","2020-08-24 - 2020-10-30"
7810,50408898,"Williams","Kamren","Allison Asbury","2021_KAMS_8_DL_Math",2020-10-30,71,"C-","2020-08-24 - 2020-10-30"
